Iteration	Posterior	Likelihood	Prior	rate_log_sd	rate_neo	tree_length
0	-25.4574	-45.74536	20.28796	1.452051	0.01532791	1.064148
6	-32.81716	-51.20166	18.3845	1.085815	1.430201	0.9653425
12	-27.75008	-48.37603	20.62595	0.03779491	0.03290679	1.862742
18	-28.93256	-50.19885	21.26629	0.03736947	0.04376562	1.35926
24	-26.07153	-47.04541	20.97388	0.9691987	0.006075763	0.6114278
30	-29.3857	-49.26977	19.88407	1.115911	0.02190301	1.654935
36	-24.71744	-45.23366	20.51622	0.4808561	0.01447879	1.654935
42	-24.02724	-43.2677	19.24046	0.1523955	0.08728074	2.517981
48	-23.77152	-44.72554	20.95402	0.2653689	0.02897914	1.477307
54	-22.76009	-43.67535	20.91525	0.5146347	0.09880097	1.024849
60	-22.75914	-43.49905	20.73991	0.7172751	0.1814697	0.5349557
66	-25.19933	-45.38362	20.18429	0.04982145	0.1815435	1.734534
72	-23.70372	-44.68894	20.98522	0.007329996	0.08863411	1.433417
78	-29.77637	-49.89189	20.11552	0.0943754	0.2890225	1.540477
84	-37.12163	-57.1818	20.06017	0.02640049	0.2890225	1.63055
90	-36.45312	-55.20235	18.74923	0.9026702	0.1784958	2.134138
96	-38.58387	-55.55269	16.96882	1.333954	1.851048	1.682109
102	-39.84698	-56.06107	16.21409	1.985517	1.352059	1.993755
108	-37.27358	-56.2932	19.01962	0.9755776	0.1164791	2.053269
114	-35.24175	-55.52517	20.28342	1.055364	0.1076587	1.076381
120	-36.57565	-55.29051	18.71486	0.932549	0.6258379	1.507009
126	-31.99627	-49.68891	17.69265	1.148778	0.3015819	2.439853
132	-29.66353	-47.45158	17.78805	0.4841924	0.2934505	2.803422
138	-27.95799	-47.81514	19.85715	0.1158245	0.07689225	2.179459
144	-28.63394	-47.4654	18.83146	0.5869438	0.1402085	2.367933
150	-35.97444	-53.679	17.70456	2.132332	1.304963	0.4515274
156	-37.24964	-54.71999	17.47035	2.370063	1.304963	0.5278853
162	-29.2707	-50.05958	20.78889	0.2593171	0.2443763	0.9193194
168	-24.85169	-45.49745	20.64576	0.9199107	0.08503418	0.9484061
174	-26.21928	-46.80257	20.58329	0.5786935	0.1460458	1.104219
180	-25.72754	-46.64845	20.92091	0.5856672	0.1460458	0.7137214
186	-30.73014	-47.71463	16.98449	1.745232	3.025274	0.7960406
192	-30.65181	-47.57743	16.92561	2.220923	1.687591	1.101222
198	-23.9631	-45.20737	21.24428	0.02669644	0.1807486	0.875522
204	-28.9303	-46.37852	17.44822	0.3217258	0.5835921	2.782985
210	-24.02119	-44.51125	20.49005	0.3321817	0.1777369	1.303785
216	-22.73317	-43.06885	20.33568	0.8479395	0.1114569	1.200983
222	-26.45967	-46.67677	20.2171	1.547988	0.09535787	0.4276901
228	-32.4086	-51.1033	18.6947	0.1813077	1.701747	1.323801
234	-24.33432	-44.88265	20.54833	0.22405	0.1879958	1.317997
240	-24.58643	-44.47292	19.88648	0.1230436	0.4261048	1.476003
246	-31.75751	-49.10196	17.34444	1.101214	2.084139	1.476003
252	-26.9353	-47.39799	20.46269	1.05147	0.04132637	1.196126
258	-25.75383	-46.02466	20.27083	1.745053	0.04417745	0.455765
264	-34.83172	-54.22702	19.3953	2.409422	0.03899799	0.9315217
270	-35.00429	-54.27721	19.27292	2.603174	0.0180717	0.9315217
276	-38.42649	-56.76797	18.34148	1.930721	0.6308413	0.9716552
282	-34.61692	-53.65291	19.03599	1.591009	0.07425975	1.74844
288	-35.29032	-52.43447	17.14415	1.697722	1.72715	1.337674
294	-33.45386	-52.98021	19.52635	0.9852543	0.3071919	1.273013
300	-26.08983	-46.69158	20.60174	1.046614	0.1087186	0.7146063
306	-26.12382	-46.97257	20.84874	0.2499196	0.2255042	0.9201857
312	-24.94842	-45.63854	20.69012	0.1820887	0.3204752	0.9096243
318	-29.47624	-48.86251	19.38628	1.236597	0.2702367	1.254006
324	-31.73733	-52.54794	20.81061	0.5643198	0.05250539	1.266315
330	-31.58348	-51.76648	20.183	0.2330837	0.1150234	1.772086
336	-30.43751	-51.2123	20.7748	0.1998149	0.08804961	1.449143
342	-28.24102	-48.23575	19.99472	0.8865762	0.08804961	1.519505
348	-33.18027	-51.6913	18.51103	1.235482	0.8336526	1.220198
354	-41.06564	-59.06715	18.00151	3.162046	0.2658815	0.6914952
360	-32.76548	-51.69495	18.92947	1.652829	0.6073205	0.5343394
366	-33.99728	-52.12882	18.13154	1.527705	1.526554	0.5826337
372	-36.11842	-54.46692	18.34849	1.322201	1.526554	0.521177
378	-35.69558	-53.63433	17.93876	2.017315	0.3568414	1.615786
384	-37.43853	-56.21167	18.77314	1.496613	0.269967	1.530542
390	-41.07675	-61.4895	20.41275	1.369744	0.0876895	0.6275687
396	-30.2043	-50.15015	19.94585	1.395287	0.2118369	0.6245621
402	-30.5791	-50.25653	19.67742	1.395287	0.3176339	0.6245621
408	-35.26184	-51.36728	16.10544	2.104569	4.891081	0.5491641
414	-31.3474	-51.62487	20.27748	1.077338	0.2154389	0.4644648
420	-32.05416	-51.20804	19.15388	0.5208755	0.2381225	2.004043
426	-35.68638	-52.71736	17.03098	0.6428976	0.7210914	2.726415
432	-28.55297	-47.83767	19.2847	1.225752	0.06106717	1.872939
438	-27.62168	-48.13191	20.51023	0.1020184	0.0406549	1.872939
444	-30.40171	-49.93906	19.53735	0.6277415	0.1426416	1.872939
450	-28.84989	-48.66535	19.81546	0.8119325	0.2706568	1.249374
456	-29.02869	-48.54618	19.51749	0.8398427	0.3938023	1.249374
462	-34.64417	-53.61959	18.97542	1.385109	0.4195515	1.205263
468	-37.63042	-55.79383	18.16341	0.547991	0.4195515	2.367369
474	-33.90715	-54.38059	20.47344	0.178626	0.1176127	1.596904
480	-40.19451	-54.1208	13.9263	1.697804	4.560936	2.683946
486	-36.78278	-54.94383	18.16105	1.51646	1.098593	1.036785
492	-40.83196	-57.14031	16.30835	1.341204	0.7713949	2.703023
498	-39.10429	-58.1898	19.08551	1.493071	0.02342137	1.94447
504	-41.05744	-60.36668	19.30924	2.335679	0.0835805	0.8674645
510	-36.13244	-54.10996	17.97752	0.6276465	0.1187578	2.919827
516	-34.76306	-53.22804	18.46498	1.342856	0.02294255	2.444974
522	-30.60187	-48.94367	18.3418	2.312838	0.3067578	0.1576677
528	-27.46477	-46.65535	19.19058	2.034558	0.2597988	0.4248504
534	-31.59941	-51.40727	19.80786	1.516421	0.2240004	0.4359647
540	-33.56704	-53.94926	20.38222	1.541052	0.05324884	0.6777027
546	-39.23955	-58.90572	19.66616	1.107019	0.275899	1.111557
552	-38.107	-55.89953	17.79253	1.286952	2.076729	0.9305321
558	-31.27897	-49.90685	18.62788	0.2067548	1.146104	1.676838
564	-43.65868	-64.21658	20.5579	0.2287642	0.2169675	1.235553
570	-29.34666	-49.22982	19.88316	0.01644018	0.3579962	1.654733
576	-27.21052	-45.8805	18.66998	0.522469	0.3258861	2.180676
582	-31.15163	-50.2707	19.11907	2.27266	0.1510017	0.8494848
588	-29.92789	-51.10007	21.17218	0.5230139	0.05656923	0.954885
594	-33.71707	-54.30452	20.58746	0.3948933	0.1326629	1.300025
600	-30.00534	-50.61256	20.60722	0.01753281	0.5336382	0.7126695
606	-34.41943	-53.44526	19.02583	0.961048	1.062242	0.7098095
612	-30.64235	-51.0345	20.39215	1.521527	0.06037199	0.3955491
618	-34.6122	-53.98086	19.36867	1.521527	0.03149423	1.709763
624	-35.43446	-54.51324	19.07878	0.7797202	0.3757246	1.65823
630	-42.18898	-62.64409	20.45511	0.3610286	0.04730603	1.708516
636	-40.57104	-60.21228	19.64124	1.399306	0.2265969	0.9783931
642	-31.86147	-50.51623	18.65475	0.8044073	0.09220274	2.462866
648	-25.93024	-44.96472	19.03448	0.3837805	0.09220274	2.488488
654	-27.73447	-45.93363	18.19916	0.7300623	0.185762	2.578615
660	-23.06808	-43.68945	20.62137	0.6446795	0.0569354	1.336745
666	-27.18632	-47.09327	19.90695	0.7643263	0.1901718	1.392783
672	-34.86645	-51.42937	16.56292	0.5902194	1.678638	2.513569
678	-29.55813	-49.23727	19.67914	0.6975692	0.2264719	1.535997
684	-30.02238	-50.02562	20.00324	0.8398619	0.2921802	1.008114
690	-27.34887	-47.91317	20.5643	0.3393501	0.2028	1.170667
696	-27.83404	-47.58158	19.74754	0.8574414	0.2028	1.414659
702	-29.68808	-48.81086	19.12278	1.179931	0.6859098	0.8549671
708	-28.99826	-49.22394	20.22569	0.6102323	0.1926824	1.254223
714	-35.09889	-54.66185	19.56296	0.6294019	0.1926824	1.739561
720	-38.74098	-55.66343	16.92246	0.2769273	0.1689485	3.643259
726	-33.41489	-52.77851	19.36362	0.5039927	0.2350034	1.879842
732	-31.11724	-51.2565	20.13926	0.8175516	0.2350034	1.038567
738	-34.85496	-54.15323	19.29826	0.3174614	1.273842	0.9433392
744	-29.38138	-46.85158	17.4702	0.6827793	1.273842	2.066902
750	-29.64247	-49.0579	19.41543	0.6316579	0.3167146	1.61272
756	-26.81211	-47.10482	20.29271	1.094032	0.2049754	0.5237867
762	-27.98186	-47.2173	19.23544	1.439106	0.5287039	0.630162
768	-29.57644	-47.38983	17.81339	1.439106	2.121309	0.36913
774	-23.44342	-44.33661	20.89319	0.7368628	0.05326447	1.036929
780	-26.14724	-45.62888	19.48164	0.8792481	0.6980439	0.7571936
786	-31.69324	-49.39767	17.70443	2.415988	0.6980439	1.032481
792	-29.08667	-45.99982	16.91315	2.391256	2.075108	0.594576
798	-35.54277	-55.2212	19.67843	0.7259202	0.0181815	2.06557
804	-34.38817	-53.80018	19.41201	1.347483	0.05868989	1.70829
810	-35.77509	-52.70011	16.92502	0.7077625	0.2098821	3.316358
816	-37.45472	-51.36909	13.91437	2.514136	7.681173	1.667191
822	-34.71829	-49.62444	14.90615	2.514136	7.998177	0.7227605
828	-32.316	-48.16493	15.84893	2.433688	1.352508	1.937851
834	-37.39462	-47.81187	10.41725	2.956982	41.04117	1.789127
840	-29.58831	-49.82213	20.23382	1.415119	0.1224261	0.5975481
846	-30.92266	-48.45919	17.53653	0.1882088	0.9293049	2.546324
852	-28.71036	-49.49465	20.78429	0.9239122	0.07755845	0.8239046
858	-27.71133	-47.20608	19.49475	0.6230876	0.2826086	1.6191
864	-31.80012	-49.46205	17.66193	1.427824	0.6575263	1.872436
870	-32.696	-48.89051	16.19451	0.9649782	0.03594717	3.988607
876	-30.55687	-51.61507	21.0582	0.4577828	0.03594717	1.216715
882	-30.27194	-49.7206	19.44866	1.104898	0.3579944	1.142581
888	-27.9569	-46.44435	18.48744	0.648957	0.3579944	2.172439
894	-32.30891	-52.71494	20.40603	0.3409244	0.2572111	1.176559
900	-35.85465	-56.71856	20.86392	0.952264	0.04878704	0.8637035
906	-39.24498	-58.05382	18.80884	1.75786	0.2567663	1.327677
912	-30.18725	-48.99498	18.80773	0.8622053	0.8019045	1.313928
918	-28.5076	-48.98721	20.47962	0.7260965	0.1841956	0.9362596
924	-30.39087	-48.44833	18.05745	2.397154	0.6547887	0.6997211
930	-31.45608	-50.48739	19.03131	2.780917	0.05193027	0.2627217
936	-30.46765	-50.79244	20.32479	0.8398009	0.1560378	1.06949
942	-32.26893	-51.75037	19.48143	0.9263128	0.5273346	0.9910381
948	-28.63472	-49.65679	21.02207	1.023386	0.02923536	0.6636507
954	-36.77055	-55.16829	18.39774	2.631429	0.3167238	0.7149101
960	-39.36513	-57.90923	18.54411	1.732623	0.8415888	0.4360112
966	-37.0769	-54.69459	17.61769	1.990948	0.6492764	1.511602
972	-32.84331	-50.83331	17.99	1.774394	0.3467495	1.766939
978	-27.83113	-48.47426	20.64313	0.9494237	0.0972665	0.8578797
984	-27.07883	-47.40943	20.3306	1.773355	0.01399298	0.4569631
990	-26.52834	-48.23643	21.7081	0.2177054	0.02118994	0.8727852
996	-32.81452	-51.97984	19.16532	0.796052	0.162194	1.964727
1002	-29.75894	-48.58396	18.82503	0.4233246	0.1745344	2.401226
1008	-27.79369	-47.23099	19.4373	0.3469407	0.00750886	2.401226
1014	-26.49127	-46.00484	19.51358	0.3218132	0.0340874	2.401226
1020	-30.33519	-50.5685	20.2333	0.4661972	0.05420202	1.766116
1026	-26.43325	-46.75051	20.31727	0.7962908	0.01493315	1.571761
1032	-30.85046	-51.27443	20.42397	1.028555	0.1528397	0.7606744
1038	-27.957	-48.12298	20.16598	0.7129706	0.001221754	1.014736
1044	-30.29806	-49.61536	19.3173	1.118855	0.06300886	1.916923
1050	-32.31646	-52.23063	19.91417	0.2455459	0.09282007	2.009521
1056	-30.91228	-51.60825	20.69597	0.3206503	0.09960535	1.377711
1062	-28.05991	-48.34958	20.28967	0.9826894	0.04534675	1.377711
1068	-27.27181	-47.06392	19.79211	1.480247	0.04534675	1.377711
1074	-26.83514	-46.97377	20.13864	1.875559	0.04534675	0.502703
1080	-26.78679	-47.69522	20.90843	0.9705424	0.05865333	0.7088101
1086	-24.20129	-45.06134	20.86005	0.03631324	0.03898787	1.680837
1092	-23.49433	-43.30439	19.81006	0.6707083	0.01566568	2.012934
1098	-31.57375	-50.19951	18.62575	1.267205	0.2435662	1.846805
1104	-31.4983	-50.69925	19.20094	1.311561	0.3682075	1.160298
1110	-33.59743	-50.92159	17.32417	2.457804	1.357713	0.4122331
1116	-32.57585	-48.9632	16.38735	2.925156	1.981912	0.3440904
1122	-44.08547	-60.88722	16.80175	3.44634	0.3136241	1.469057
1128	-35.86936	-54.35467	18.48531	1.684827	0.07593608	2.053297
1134	-32.56995	-50.42658	17.85663	1.027688	0.3852947	2.299186
1140	-31.10271	-50.74424	19.64153	1.602508	0.1438291	1.034574
1146	-32.71651	-52.27189	19.55538	1.536861	0.3189749	0.5469041
1152	-33.57113	-51.48894	17.91781	0.1982867	0.04284507	3.416113
1158	-31.9882	-51.0635	19.0753	0.02656595	0.3565934	2.196721
1164	-31.23492	-51.87148	20.63656	0.1678351	0.1428385	1.411507
1170	-33.90078	-54.04904	20.14827	1.392778	0.1544667	0.440846
1176	-34.38254	-53.81347	19.43093	0.6821128	0.544909	1.234311
1182	-37.41308	-55.67443	18.26135	0.6068032	0.8591916	1.854118
1188	-36.34917	-54.24295	17.89378	2.087185	0.9702114	0.8460232
1194	-29.81934	-50.49075	20.67141	0.6130577	0.2407067	0.5405731
1200	-34.3932	-51.18931	16.79611	2.378145	1.276514	1.337544
1206	-27.00075	-46.38863	19.38788	1.372556	0.3739794	0.9077589
1212	-27.42042	-46.66494	19.24452	1.780011	0.3374304	0.3851505
1218	-29.33761	-50.58813	21.25052	0.3729132	0.1255222	0.3865637
1224	-32.17239	-50.83302	18.66063	0.7190782	0.6954068	1.634132
1230	-26.76055	-46.11814	19.35759	0.4628728	0.2560204	1.874102
1236	-24.81755	-44.69054	19.87299	0.06958979	0.2560204	1.790123
1242	-26.97175	-45.5063	18.53455	0.5245711	1.250134	1.444692
1248	-28.82527	-48.28053	19.45526	1.06118	0.2199009	1.444692
1254	-28.85797	-48.60888	19.75092	0.4660826	0.5590368	1.125129
1260	-29.09065	-48.62265	19.53199	1.365716	0.4019167	0.625082
1266	-24.78254	-45.18824	20.40571	0.3369966	0.4019167	0.8650219
1272	-26.14082	-46.55228	20.41145	1.184072	0.1352052	0.6120649
1278	-28.34831	-48.61902	20.27071	1.278809	0.03730816	1.182444
1284	-33.70916	-53.92354	20.21438	1.324757	0.156801	0.5277826
1290	-26.46234	-45.65159	19.18925	0.3905683	0.3497598	1.889603
1296	-26.50884	-45.99667	19.48783	0.6574351	0.5207328	1.23936
1302	-27.12561	-46.38052	19.2549	1.046461	0.5207328	1.103052
1308	-32.58532	-52.40871	19.82339	1.352124	0.04779167	1.443245
1314	-31.25988	-50.65078	19.3909	0.8303705	0.3411902	1.443245
1320	-30.55622	-49.55738	19.00116	1.262459	0.3658143	1.370393
1326	-30.08533	-49.85239	19.76706	0.4965612	0.3658143	1.370393
1332	-33.06612	-51.86241	18.79629	1.420963	0.3889445	1.370393
1338	-35.40216	-53.11181	17.70965	1.618902	1.222906	1.248659
1344	-32.44514	-53.20971	20.76457	0.8461531	0.1210603	0.6944785
1350	-31.59922	-51.95125	20.35204	0.9213032	0.1137546	1.113814
1356	-24.89737	-45.6285	20.73113	0.9681701	0.07004921	0.8777112
1362	-29.20113	-48.74557	19.54444	1.083954	0.5645898	0.6049252
1368	-27.72828	-47.6523	19.92402	1.897304	0.08099664	0.6049252
1374	-25.63043	-45.62377	19.99335	1.241071	0.2535512	0.6049252
1380	-25.10653	-45.2589	20.15237	0.7176799	0.3926933	0.7151339
1386	-27.20502	-48.46764	21.26262	0.6095317	0.0592698	0.7151339
1392	-23.62014	-44.6784	21.05826	0.1939352	0.05847683	1.341686
1398	-29.20058	-48.64004	19.43946	0.1819079	0.7419148	1.409763
1404	-30.71069	-50.00545	19.29476	1.60097	0.2021349	1.179277
1410	-31.192	-49.77692	18.58492	0.215844	0.2133963	2.606946
1416	-32.55065	-51.37572	18.82507	0.6157743	0.8973817	1.409726
1422	-33.35506	-52.3354	18.98034	0.2381444	0.7238835	1.722823
1428	-38.6687	-53.46525	14.79655	1.29067	2.573972	2.857883
1434	-28.4086	-48.61539	20.20679	1.461333	0.07607285	0.8807897
1440	-34.2202	-53.11953	18.89933	1.461333	0.6345193	0.8690461
1446	-33.61513	-51.52252	17.90739	1.91769	0.1494546	2.084295
1452	-34.73956	-51.1509	16.41134	3.698976	0.7668523	0.2190977
1458	-27.20384	-47.52146	20.31762	1.28015	0.01493511	1.190924
1464	-26.65505	-47.54535	20.8903	1.011129	0.06058591	0.6477944
1470	-36.68601	-58.16136	21.47535	0.2827582	0.03885054	0.9811228
1476	-33.25426	-53.27495	20.02069	0.8823146	0.03885054	1.676582
1482	-30.88115	-50.83837	19.95722	0.7660731	0.07542051	1.676582
1488	-31.17678	-50.64837	19.47159	0.567196	0.1704187	1.894072
1494	-30.24797	-49.50152	19.25355	1.253593	0.3751093	1.15271
1500	-26.68613	-47.17899	20.49286	0.2004752	0.2554808	1.226296
1506	-29.62807	-48.51842	18.89035	1.436143	0.6312113	0.9132576
1512	-28.24639	-48.36636	20.11996	0.9026021	0.1287343	1.279242
1518	-26.32681	-47.12159	20.79479	0.01958068	0.3998229	0.7785319
1524	-29.09895	-48.41045	19.3115	2.441978	0.007215647	0.2223692
1530	-25.28365	-45.48857	20.20492	1.3758	0.144584	0.464634
1536	-23.98925	-44.23557	20.24631	0.5229542	0.423767	0.7783141
1542	-28.00631	-47.96609	19.95978	1.380158	0.2059495	0.6654201
1548	-28.9084	-48.37809	19.46969	1.380158	0.4214476	0.3747753
1554	-30.04236	-49.86688	19.82453	1.634838	0.1790038	0.4394642
1560	-29.59301	-50.44764	20.85463	0.03723136	0.2046175	1.176257
1566	-31.88876	-50.79979	18.91103	1.00999	0.2046175	1.901952
1572	-30.12345	-50.65835	20.5349	1.380648	0.05084655	0.7129172
1578	-28.99586	-48.71501	19.71915	1.667175	0.1770158	0.3190423
1584	-30.82101	-51.83787	21.01686	0.692758	0.05931733	0.9248809
1590	-28.58608	-47.88699	19.30092	0.6124052	0.05931733	2.272519
1596	-32.04454	-51.72744	19.6829	0.2762545	0.1654526	1.958905
1602	-29.84345	-49.26363	19.42018	0.4572423	0.1098847	2.147965
1608	-35.33497	-55.77925	20.44428	0.5441044	0.2162395	1.058304
1614	-24.82213	-45.53729	20.71515	0.9622824	0.03927039	1.058304
1620	-41.81943	-59.80932	17.98989	1.807523	0.06651862	2.32403
1626	-33.47223	-53.18095	19.70871	0.1634206	0.05142099	2.32403
1632	-34.43541	-53.37291	18.9375	1.821844	0.09512661	1.586509
1638	-44.46702	-59.75565	15.28863	3.993318	2.065823	0.6626706
1644	-30.90732	-49.91463	19.00731	0.9110317	0.3402031	1.668194
1650	-34.75791	-53.74463	18.98672	1.925328	0.06270116	1.584505
1656	-36.97747	-56.15006	19.17259	0.608553	0.529563	1.514667
1662	-29.83917	-49.75719	19.91801	0.08949872	0.3535508	1.583367
1668	-26.798	-46.98482	20.18682	0.5698872	0.3695962	0.9216559
1674	-27.92383	-47.5797	19.65587	0.8493723	0.1476378	1.622045
1680	-22.89791	-43.1003	20.20239	0.1831208	0.074807	1.912826
1686	-23.7857	-45.62437	21.83867	0.1653208	0.03712497	0.6762641
1692	-27.15604	-46.91554	19.7595	1.883856	0.05064571	0.1910162
1698	-26.31562	-47.4368	21.12118	0.586547	0.03178032	1.062524
1704	-27.89544	-48.65411	20.75867	0.5749471	0.0111795	1.386342
1710	-30.8209	-51.49634	20.67544	0.4499411	0.07293943	1.386342
1716	-35.14031	-53.18815	18.04783	2.97642	0.003521685	1.386342
1722	-30.75726	-49.16653	18.40927	0.1618003	0.08793953	3.017964
1728	-26.60711	-45.99143	19.38431	0.5985828	0.3550794	1.598984
1734	-29.41996	-49.41079	19.99082	1.082056	0.2927425	0.7336699
1740	-37.46222	-57.55501	20.09279	0.3294285	0.01116254	2.033487
1746	-33.41307	-52.23516	18.82209	0.5014334	0.139732	2.428961
1752	-29.96244	-48.03845	18.07601	1.641552	0.01418762	2.500421
1758	-26.04264	-45.99885	19.95621	0.4104363	0.05756492	1.981752
1764	-27.48301	-47.21429	19.73129	2.345605	0.01063756	0.4613594
1770	-28.16395	-48.66598	20.50203	1.605929	0.01411548	0.5160677
1776	-31.04221	-50.79246	19.75025	1.338781	0.3007995	0.6729397
1782	-27.30715	-48.05067	20.74352	0.3077208	0.01388849	1.613995
1788	-26.19344	-46.71468	20.52124	0.2631868	0.03895984	1.75984
1794	-26.1854	-46.75586	20.57047	1.119673	0.03895984	1.047643
1800	-25.42608	-46.12954	20.70346	0.8297547	0.07192104	1.04215
1806	-29.82134	-49.40319	19.58185	0.5723952	0.7746845	0.8973425
1812	-26.94043	-47.86217	20.92174	0.2286396	0.1248654	1.184049
1818	-27.28824	-47.22453	19.93629	0.27907	0.1017545	1.946632
1824	-31.43555	-50.85049	19.41494	2.322195	0.1017545	0.5823674
1830	-27.02588	-46.88013	19.85425	1.499217	0.1305121	0.9742735
1836	-33.05552	-51.12044	18.06492	2.054445	0.9308579	0.7087229
1842	-40.03535	-58.05558	18.02022	2.265371	0.1192199	1.850732
1848	-37.26798	-57.18829	19.92031	1.014402	0.2852842	0.9304639
1854	-38.78232	-55.90072	17.1184	0.1843262	0.563695	3.082666
1860	-35.89023	-49.67306	13.78284	1.3461	0.03591979	5.129754
1866	-33.05847	-49.34639	16.28793	0.6250513	0.03591979	4.129254
1872	-36.61535	-53.43724	16.8219	3.815218	0.2525513	1.279392
1878	-35.08692	-53.40603	18.31912	0.7248924	1.115815	1.545017
1884	-33.97912	-52.92099	18.94187	1.442827	0.3449453	1.308529
1890	-31.61369	-51.8142	20.20051	1.111829	0.02291505	1.421651
1896	-30.67159	-51.04802	20.37643	1.113318	0.01554486	1.283148
1902	-30.05563	-47.48106	17.42543	0.7664294	0.1018731	3.207887
1908	-26.49148	-46.89691	20.40543	0.2181909	0.01736739	1.918946
1914	-28.81213	-48.34854	19.53641	1.680461	0.001542134	0.2833512
1920	-27.79029	-48.15232	20.36203	1.384951	0.1022713	0.5105636
1926	-31.09376	-50.47793	19.38417	0.4520822	0.1086652	2.17798
1932	-32.43479	-51.58332	19.14854	0.7426744	0.1806795	1.971336
1938	-28.46001	-49.04348	20.58346	0.5897648	0.1060281	1.228702
1944	-30.3672	-50.6721	20.3049	0.7093205	0.2005302	1.077113
1950	-30.48036	-51.18036	20.69999	0.5819816	0.01401703	1.442924
1956	-34.92343	-54.18987	19.26643	1.530196	0.2530036	1.142438
1962	-36.16459	-54.77596	18.61137	3.161198	0.006068369	0.876693
1968	-37.20652	-56.85117	19.64465	1.039189	0.04629894	1.804524
1974	-32.88572	-52.19076	19.30504	0.5124278	0.04629894	2.375079
1980	-28.82171	-48.35776	19.53605	0.8569346	0.2846598	1.409864
1986	-26.39734	-45.69617	19.29883	1.174228	0.06172105	1.896197
1992	-28.34164	-48.40944	20.0678	0.4052626	0.06172105	1.896197
1998	-30.76973	-50.80578	20.03605	0.6400578	0.03011713	1.862489
2004	-36.73278	-53.84885	17.11607	1.826637	2.708819	0.6820269
2010	-31.8414	-50.55176	18.71035	0.7040637	0.5391892	1.767666
2016	-35.34082	-53.57248	18.23166	0.1351846	0.9901727	2.096751
2022	-31.99876	-49.63169	17.63294	0.152378	1.879112	2.024875
2028	-26.71388	-46.79222	20.07834	0.09698061	0.08412448	2.024875
2034	-26.87047	-46.63675	19.76628	1.164334	0.2980618	0.9016005
2040	-23.88865	-43.65942	19.77077	0.1293788	0.233129	1.861117
2046	-28.80327	-49.74997	20.94669	0.4545152	0.07947776	1.131636
2052	-34.10743	-54.16989	20.06245	0.4264341	0.07134139	1.853621
2058	-30.24299	-51.20351	20.96052	0.8254367	0.08953989	0.4153313
2064	-32.42262	-51.81988	19.39726	1.234361	0.04457292	1.846426
2070	-31.88539	-52.32183	20.43643	0.931826	0.2115867	0.4881681
2076	-33.31604	-54.69426	21.37822	0.3919232	0.05028806	0.9079171
2082	-26.13415	-46.87177	20.73762	0.02465079	0.1382631	1.456577
2088	-25.76186	-46.06351	20.30165	1.428514	0.1063559	0.5008794
2094	-26.97082	-46.12782	19.157	0.2370894	0.7663374	1.558507
2100	-24.98936	-45.648	20.65864	0.117854	0.1000383	1.558507
2106	-26.28478	-47.58621	21.30143	0.3038022	0.007687743	1.105459
2112	-27.91004	-47.69044	19.78039	0.5591468	0.02448946	2.101276
2118	-28.37498	-47.64675	19.27177	1.5348	0.4351056	0.3508181
2124	-27.21884	-47.90324	20.6844	0.9857721	0.1155573	0.6140896
2130	-26.09378	-46.87161	20.77783	0.9857721	0.08448355	0.69588
2136	-28.13077	-48.6486	20.51782	0.697135	0.05915034	1.368543
2142	-30.99541	-50.87338	19.87797	0.3943977	0.2727064	1.523539
2148	-26.26514	-45.37183	19.10669	0.7097045	0.0407541	2.39318
2154	-23.05079	-44.72714	21.67636	0.04844908	0.01986275	1.081327
2160	-22.02695	-43.18308	21.15613	0.005023507	0.02005265	1.539774
2166	-26.1065	-46.87392	20.76742	0.01437625	0.1184319	1.498684
2172	-26.14769	-46.73515	20.58746	0.08562138	0.1184319	1.579208
2178	-24.42274	-45.42379	21.00105	0.1435674	0.05418349	1.442349
2184	-39.00836	-55.4517	16.44334	2.579003	1.297994	1.442349
2190	-36.51999	-52.11324	15.59325	2.033534	6.344348	0.9041512
2196	-30.95919	-47.29582	16.33663	2.033534	4.369725	0.4892103
2202	-35.22621	-54.83563	19.60942	1.194913	0.4503399	0.6345941
2208	-40.93103	-54.12989	13.19886	3.153416	14.88699	0.8292687
2214	-41.7104	-55.1126	13.40219	2.952509	16.11918	0.5954038
2220	-42.99904	-60.41572	17.41668	2.952509	0.7225501	0.6929083
2226	-36.49489	-55.56749	19.0726	1.349079	0.4868803	1.04252
2232	-35.65648	-54.42957	18.7731	1.248063	0.7491106	1.065326
2238	-38.23149	-55.04828	16.81679	1.905294	2.703105	0.9695253
2244	-37.91166	-56.04028	18.12863	1.624634	1.416935	0.4980253
2250	-35.35757	-53.20323	17.84566	1.794071	0.9652296	1.189608
2256	-27.89924	-48.77598	20.87674	0.7955688	0.07240867	0.8957605
2262	-30.09978	-49.17391	19.07413	0.5775524	0.603778	1.52733
2268	-31.64381	-51.9648	20.321	0.3698008	0.1321484	1.52733
2274	-26.25166	-46.30704	20.05538	1.147336	0.2389887	0.7423404
2280	-28.31439	-48.58693	20.27254	1.209174	0.1480074	0.7423404
2286	-37.51663	-50.5129	12.99626	1.898722	12.26385	2.207433
2292	-29.77064	-47.58088	17.81024	0.9501639	0.8535204	1.931659
2298	-26.02918	-46.56347	20.53429	0.1780722	0.1562935	1.445961
2304	-27.08539	-47.97311	20.88772	0.3788227	0.06079293	1.321016
2310	-29.53963	-50.3918	20.85217	0.5324905	0.1484153	0.8687942
2316	-31.03791	-51.48897	20.45106	0.3339296	0.1230637	1.482673
2322	-34.3424	-54.16203	19.81963	1.124063	0.3433365	0.7572937
2328	-32.30206	-50.65455	18.35249	1.398218	1.411439	0.5605002
2334	-34.3448	-53.59986	19.25506	2.235807	0.1308607	0.2781505
2340	-35.17227	-54.89689	19.72462	2.063216	0.09271522	0.5130886
2346	-35.38407	-52.95646	17.57239	0.2423551	2.126891	1.907695
2352	-31.4212	-49.14334	17.72213	0.9661912	0.6207387	2.173194
2358	-28.36334	-48.29788	19.93454	0.5412737	0.2242843	1.466257
2364	-26.81559	-47.58575	20.77016	0.1591223	0.09322692	1.466257
2370	-27.05402	-48.39623	21.34221	0.07897252	0.1907063	0.5724013
2376	-31.15132	-51.88339	20.73207	0.1888407	0.1907063	1.187364
2382	-28.89223	-48.65882	19.7666	1.242311	0.1907063	1.10941
2388	-31.4551	-49.61743	18.16233	1.746397	1.158023	0.6916256
2394	-28.24958	-48.0948	19.84522	1.746397	0.09511567	0.2535656
2400	-30.38793	-49.34301	18.95508	1.746397	0.4853783	0.3324838
2406	-34.88095	-53.31531	18.43435	1.746397	0.9339642	0.4569744
2412	-24.98596	-45.36243	20.37647	1.323362	0.1128265	0.4569744
2418	-28.32757	-48.17943	19.85186	0.9485577	0.2266237	1.200864
2424	-27.33285	-46.6575	19.32465	1.443606	0.214151	1.257647
2430	-27.03279	-47.36315	20.33036	0.6219929	0.214151	1.097489
2436	-24.76452	-44.72975	19.96523	0.9963643	0.3615583	0.6619444
2442	-30.85731	-50.45201	19.5947	1.100692	0.1313794	1.526054
2448	-30.24975	-50.62281	20.37307	1.500959	0.06699968	0.6389084
2454	-33.49591	-51.08695	17.59104	1.723306	1.607916	0.9925831
2460	-28.78146	-49.09969	20.31824	0.8082431	0.2041243	0.9560188
2466	-27.82669	-48.12436	20.29767	0.7976437	0.1066564	1.291143
2472	-40.17263	-59.04517	18.87254	0.9791015	1.215161	0.3399843
2478	-35.54971	-53.70333	18.15361	1.508755	1.195027	0.9649581
2484	-39.96661	-56.41077	16.44417	1.642722	3.292139	1.313412
2490	-35.5816	-53.08241	17.50081	1.976492	1.714767	0.7008497
2496	-36.72415	-54.14415	17.42	3.565742	0.3406243	0.6994144
2502	-30.85888	-50.63573	19.77685	0.7828245	0.3345019	1.180986
2508	-26.45505	-46.57564	20.12058	1.359286	0.0517001	1.180986
2514	-30.1886	-51.02507	20.83647	0.398316	0.08182826	1.265251
2520	-30.64474	-51.16214	20.5174	0.6579388	0.2709416	0.6426291
2526	-31.37887	-50.58759	19.20872	0.7408394	0.1169018	2.082256
2532	-41.94104	-60.60561	18.66457	2.989811	0.09311767	0.8027103
2538	-44.0223	-61.02295	17.00066	3.052003	0.5972757	0.1412727
2544	-47.91463	-59.05507	11.14044	2.459039	7.134547	3.509215
2550	-41.23275	-61.42095	20.18821	0.9293249	0.1539528	1.11943
2556	-30.86809	-51.19928	20.33119	0.9293249	0.03685313	1.41933
2562	-34.20672	-52.36493	18.15821	1.361098	0.8164147	1.41933
2568	-29.42124	-49.48393	20.06269	0.5958538	0.1964418	1.387804
2574	-29.5194	-50.65564	21.13624	0.9380529	0.0130012	0.6277732
2580	-26.53781	-47.8386	21.30079	0.6765761	0.04711769	0.6277732
2586	-30.48507	-50.49242	20.00735	1.556791	0.01151291	1.201142
2592	-26.80967	-47.02098	20.21131	1.352823	0.01151291	1.201142
2598	-24.38166	-44.86455	20.48289	0.5985349	0.008456387	1.544285
2604	-25.02521	-45.702	20.67678	1.27357	0.05779546	0.4729114
2610	-27.35356	-47.89385	20.54029	1.245781	0.05720449	0.8492355
2616	-22.26231	-43.31585	21.05354	0.214608	0.01521031	1.457005
2622	-24.91518	-45.51112	20.59594	0.885386	0.01521031	1.289257
2628	-24.8432	-45.98465	21.14145	0.1421914	0.003160553	1.132492
2634	-24.31623	-44.85217	20.53594	0.4670082	0.07322463	1.47935
2640	-24.51819	-43.17328	18.65509	0.2024835	0.0480792	2.960774
2646	-25.79555	-43.98974	18.19419	0.5205504	0.07731666	2.960774
2652	-27.7694	-46.52947	18.76007	1.63306	0.1521562	1.690997
2658	-23.15873	-43.66722	20.50848	1.28386	0.07598742	0.3339137
2664	-25.29	-46.19972	20.90973	0.9416769	0.07598742	0.5832531
2670	-28.86053	-49.07454	20.21401	0.4402048	0.526815	0.6795703
2676	-32.18602	-50.27015	18.08413	1.065808	1.928972	0.9478026
2682	-35.90703	-53.19538	17.28835	1.099792	1.218742	1.941299
2688	-34.87668	-52.75812	17.88145	3.580182	0.04783858	1.21329
2694	-33.6601	-52.72845	19.06834	0.5003403	0.09782164	2.378507
2700	-33.573	-52.08562	18.51262	0.08949806	0.2852581	2.613099
2706	-28.60593	-49.41917	20.81323	0.03825346	0.1970399	1.230131
2712	-31.41844	-51.47838	20.05995	0.1409491	0.7354476	0.8992249
2718	-33.39117	-51.38031	17.98913	0.9157504	2.151076	1.063941
2724	-29.67278	-49.7566	20.08382	1.463913	0.1285431	0.7501409
2730	-31.06685	-52.69934	21.63249	0.4122488	0.01926399	0.7142665
2736	-29.00938	-47.64978	18.6404	1.439822	0.9679923	0.7096289
2742	-34.99374	-52.14518	17.15145	1.875262	2.216463	0.9032849
2748	-32.84965	-51.14275	18.2931	1.230831	1.536865	0.8134008
2754	-35.13172	-54.7768	19.64508	1.212855	0.298118	0.9791086
2760	-30.37548	-47.13214	16.75666	1.890234	2.755479	1.02097
2766	-25.36292	-45.44153	20.07861	1.72245	0.05981825	0.2793858
2772	-33.52263	-49.25711	15.73448	2.959253	3.216928	0.3219275
2778	-30.91501	-47.57055	16.65555	1.890247	1.983893	1.443993
2784	-31.36624	-51.64633	20.2801	0.828183	0.1182808	1.241677
2790	-30.81019	-50.33868	19.52849	1.22694	0.2641952	1.153558
2796	-39.9527	-54.41259	14.45989	2.367379	3.552679	2.136766
2802	-34.28825	-52.20621	17.91797	3.086677	0.2108737	0.1844991
2808	-35.49651	-53.49475	17.99825	2.632595	0.5445707	0.6707083
2814	-38.36891	-58.5609	20.192	1.088037	0.1725163	0.895447
2820	-33.19432	-50.74843	17.55411	3.294267	0.1512369	1.353758
2826	-30.49697	-50.13445	19.63748	1.839646	0.112474	0.9176148
2832	-32.67617	-50.44793	17.77176	2.566564	0.370657	1.302832
2838	-31.18178	-50.29314	19.11136	1.005719	0.497475	1.29402
2844	-27.71085	-46.41015	18.6993	0.2876819	0.2688836	2.39773
2850	-29.88818	-49.18506	19.29688	1.434649	0.4951617	0.6241891
2856	-30.76765	-49.76915	19.00149	1.023587	0.449556	1.431754
2862	-34.46375	-52.38298	17.91924	1.137704	2.557286	0.5773397
2868	-31.94853	-52.60559	20.65706	1.137704	0.0887588	0.5773397
2874	-28.51575	-48.67251	20.15676	0.6298977	0.0887588	1.586967
2880	-34.52835	-50.95536	16.42701	1.261399	2.864329	1.743372
2886	-32.91935	-52.47838	19.55903	1.261399	0.08943188	1.560029
2892	-29.29636	-50.71286	21.4165	0.3825425	0.05172307	0.8665458
2898	-27.92833	-48.32573	20.39739	1.531259	0.06167294	0.546304
2904	-32.4373	-52.26331	19.82601	1.026559	0.4402794	0.5175269
2910	-32.76079	-50.87257	18.11178	2.212375	0.3331206	0.1090368
2916	-32.64145	-52.64667	20.00522	0.4619548	0.6690792	0.3848764
2922	-32.34546	-50.77882	18.43336	0.9227147	0.2583758	2.178537
2928	-29.73938	-49.2718	19.53242	0.6544038	0.03333895	2.178537
2934	-28.61769	-49.36205	20.74436	1.132718	0.06961484	0.5979899
2940	-33.02999	-53.33204	20.30204	1.539075	0.0368047	0.9030726
2946	-32.90195	-51.96517	19.06321	1.539075	0.008166026	1.878305
2952	-34.21888	-52.18682	17.96794	0.4742407	0.1046313	3.052053
2958	-35.50835	-55.92045	20.4121	0.7043305	0.1726742	1.062543
2964	-33.61474	-52.42088	18.80613	0.1468759	1.336864	1.471122
2970	-29.00541	-49.20291	20.1975	0.8351756	0.08225395	1.424665
2976	-30.65061	-50.0498	19.39919	2.523367	0.06318109	0.4639831
2982	-26.50583	-46.0947	19.58887	0.6621829	0.6978548	0.8969009
2988	-26.06035	-45.04031	18.97995	0.02699713	0.159001	2.584407
2994	-27.33964	-46.77003	19.4304	0.2053322	0.2000297	2.101222
3000	-35.671	-54.34277	18.67177	2.318374	0.02038029	1.66382
3006	-34.2237	-54.5182	20.2945	1.081467	0.1817566	0.7317128
3012	-36.57206	-55.89189	19.31983	2.683502	0.03424336	0.7019837
3018	-34.90601	-53.7211	18.81509	0.9687849	0.210298	1.983107
3024	-35.87335	-54.60316	18.72981	2.480808	0.269341	0.4622129
3030	-33.86989	-52.22239	18.3525	0.905155	0.3811352	2.062271
3036	-24.3801	-45.29926	20.91916	0.1274787	0.2246259	0.9777708
3042	-30.37281	-49.83978	19.46698	0.1373046	1.386365	0.8539543
3048	-27.56431	-47.5964	20.03209	0.205532	0.2937379	1.511532
3054	-32.35499	-52.91104	20.55606	1.258453	0.03828157	0.2308663
3060	-27.34326	-47.23719	19.89393	1.128981	0.2277736	0.9929829
3066	-26.38744	-47.08622	20.69878	0.662267	0.1905378	0.7114864
3072	-25.68617	-45.91089	20.22472	0.2694084	0.08838679	1.795899
3078	-25.73344	-46.56529	20.83185	0.3746287	0.08838679	1.264183
3084	-27.88221	-47.81354	19.93132	0.005583015	0.8717286	1.008077
3090	-27.36995	-48.95246	21.58251	0.05021089	0.05753837	1.013491
3096	-29.07013	-50.19036	21.12023	0.005495752	0.2071695	0.9473845
3102	-28.50525	-48.25528	19.75003	0.01565198	1.09908	0.9473845
3108	-26.03003	-46.49917	20.46915	1.180335	0.1246928	0.5640996
3114	-23.46094	-44.85653	21.39559	0.5791172	0.03386308	0.7507415
3120	-25.45322	-45.59492	20.1417	0.1949885	0.3274986	1.37686
3126	-26.12114	-45.72722	19.60608	1.063693	0.4623831	0.8185335
3132	-27.64796	-48.21412	20.56616	1.219521	0.09116006	0.5714034
3138	-23.99387	-44.89372	20.89985	0.6183577	0.08817498	0.9830087
3144	-24.41834	-46.16525	21.74691	0.1318565	0.02731349	0.9067222
3150	-25.10799	-46.94201	21.83401	0.01172111	0.07900594	0.5467472
3156	-24.36846	-45.8037	21.43524	0.2707948	0.06254536	0.9113401
3162	-28.35921	-49.47599	21.11678	0.3147169	0.06254536	1.176151
3168	-32.98725	-52.99981	20.01256	0.7857666	0.03803952	1.753223
3174	-34.76737	-54.26318	19.49581	0.4770237	0.264935	1.753223
3180	-32.36258	-52.34648	19.9839	1.297891	0.1832393	0.8533717
3186	-33.97112	-52.96653	18.99541	1.407191	0.5057113	1.030717
3192	-45.74132	-58.73369	12.99237	3.160686	18.26095	0.548472
3198	-39.18695	-58.36404	19.17709	2.33465	0.07956871	1.028267
3204	-38.78959	-56.59042	17.80082	3.210156	0.01039458	1.621032
3210	-37.19361	-54.93185	17.73825	3.11193	0.01039458	1.735571
3216	-36.37139	-55.41511	19.04372	1.994898	0.2325919	0.9633673
3222	-38.81828	-55.43537	16.61709	5.426412	0.03835275	0.5525562
3228	-43.66483	-58.61469	14.94986	5.944157	0.3127296	0.2388632
3234	-36.31362	-55.45615	19.14253	2.580963	0.09675399	0.6696833
3240	-37.79048	-54.97216	17.18169	2.085465	2.050122	0.7068205
3246	-37.47416	-52.75194	15.27777	1.082088	2.050122	2.859232
3252	-26.66809	-47.23726	20.56917	1.501421	0.03221257	0.5592126
3258	-28.5232	-48.03651	19.51331	1.501421	0.1251995	1.296659
3264	-30.46742	-49.15085	18.68344	2.466132	0.02433937	1.54163
3270	-27.74295	-47.09135	19.3484	0.868455	0.1871138	1.734401
3276	-31.35023	-49.35627	18.00605	0.7618321	0.1871138	2.675655
3282	-32.6619	-49.91864	17.25674	0.1089966	0.2808962	3.36266
3288	-30.59343	-51.10828	20.51486	1.137071	0.08617292	0.8449728
3294	-28.55056	-49.84881	21.29825	0.04168112	0.04562421	1.322951
3300	-25.72799	-45.33119	19.6032	2.171797	0.04562421	0.9282731
3306	-24.03609	-45.55769	21.5216	0.1145798	0.02470835	1.152183
3312	-31.6152	-50.59323	18.97803	0.06516887	1.172495	1.507534
3318	-28.51011	-47.45636	18.94625	0.3342496	0.049854	2.698469
3324	-31.04147	-50.69142	19.64994	0.9737126	0.123081	1.602014
3330	-32.78888	-53.68921	20.90032	0.6423416	0.123081	0.78732
3336	-28.0796	-47.52736	19.44776	0.7971735	0.05665104	2.065606
3342	-29.07402	-49.00188	19.92786	1.207247	0.2968396	0.5815178
3348	-25.55094	-45.01757	19.46663	1.860549	0.225813	0.4776574
3354	-26.40573	-46.98306	20.57734	0.6718385	0.225813	0.7259561
3360	-27.44568	-47.43499	19.98931	0.6539744	0.109927	1.625638
3366	-29.70073	-49.73299	20.03226	1.41983	0.1648403	0.6962269
3372	-26.42163	-46.73897	20.31734	0.3171578	0.5001662	0.7799282
3378	-25.82744	-46.36558	20.53815	0.4438105	0.3006613	0.8338159
3384	-28.03287	-46.75245	18.71957	0.7977098	0.3800234	1.889929
3390	-28.10674	-45.8261	17.71937	0.9978692	0.3800234	2.411888
3396	-25.90073	-46.38417	20.48344	1.366267	0.07899875	0.4907771
3402	-23.77986	-43.69295	19.91308	1.076776	0.1484131	1.246822
3408	-31.12927	-51.24258	20.11331	0.3831706	0.2688166	1.359277
3414	-27.04929	-47.53568	20.48639	0.3163653	0.349887	0.9158781
3420	-25.69671	-46.20963	20.51293	0.5554047	0.1389983	1.209097
3426	-25.99874	-45.76025	19.76151	0.5578001	0.2315786	1.567952
3432	-35.63037	-51.7565	16.12613	0.876736	0.03271093	4.086427
3438	-29.08694	-47.51824	18.43129	1.071214	0.02267466	2.635476
3444	-27.56145	-46.99911	19.43766	2.186966	0.04951229	1.06011
3450	-23.46089	-43.1305	19.66961	1.455579	0.2869827	0.6659664
3456	-23.18387	-43.32526	20.14139	0.9135604	0.2869827	0.7803151
3462	-28.34386	-46.45947	18.11561	1.55134	1.50902	0.4125022
3468	-34.31659	-50.76118	16.44459	1.777091	2.009041	1.671952
3474	-30.8045	-50.14463	19.34013	1.777091	0.3044304	0.4258334
3480	-29.3055	-49.3276	20.0221	1.777091	0.06299374	0.2884277
3486	-31.72882	-51.72507	19.99624	1.674352	0.08433981	0.8320896
3492	-36.49711	-54.55365	18.05654	0.7243933	0.6894681	2.051024
3498	-33.25495	-53.48362	20.22867	1.668542	0.06491494	0.4074121
3504	-34.02998	-53.32227	19.2923	1.388805	0.403558	0.9310015
3510	-31.97018	-51.2528	19.28262	1.546752	0.403558	0.7462977
3516	-31.915	-50.09796	18.18296	0.22461	0.1778846	2.912804
3522	-34.17095	-52.79017	18.61922	0.3351001	0.04465488	2.912804
3528	-25.52591	-46.52039	20.99448	0.1078153	0.09201122	1.335832
3534	-29.86123	-49.28413	19.4229	0.8363574	0.3729266	1.362429
3540	-31.11127	-51.76577	20.6545	0.8002813	0.02468099	1.305319
3546	-32.95061	-53.83967	20.88906	0.4857781	0.0430037	1.305319
3552	-34.25676	-54.5824	20.32563	1.571276	0.06028522	0.3678551
3558	-25.32041	-45.91182	20.59141	0.3073644	0.03826306	1.681612
3564	-31.36305	-49.03943	17.67638	0.5577282	0.07206542	3.26187
3570	-29.1648	-47.9548	18.79	1.080566	0.07809674	2.242009
3576	-23.9198	-44.27454	20.35475	1.278373	0.1169916	0.6827934
3582	-34.46596	-53.4239	18.95794	0.1680685	1.813616	1.043539
3588	-29.64258	-49.4668	19.82421	0.1515778	0.584401	1.298184
3594	-27.82045	-48.1136	20.29315	0.8762214	0.2418801	0.7796755
3600	-34.13029	-53.67392	19.54363	0.1787231	0.156772	2.134992
3606	-33.30168	-52.29792	18.99624	0.7706875	0.1440364	2.134992
3612	-31.84352	-52.39638	20.55286	0.166163	0.3341594	1.036376
3618	-29.64076	-49.90246	20.2617	1.088095	0.122804	1.007674
3624	-29.43535	-49.31964	19.88429	1.487401	0.1168007	1.009289
3630	-30.81753	-50.41965	19.60213	0.8859381	0.4679515	1.009289
3636	-24.74746	-45.36487	20.6174	1.037005	0.02925258	1.121453
3642	-26.99607	-47.53243	20.53637	1.483599	0.02925258	0.7103977
3648	-27.82557	-46.67759	18.85202	1.483599	0.7352817	0.7226941
3654	-24.0022	-44.10869	20.10649	1.099474	0.2054941	0.8631794
3660	-26.07017	-46.01511	19.94494	1.642343	0.1312713	0.3648871
3666	-27.44486	-47.83578	20.39092	1.490999	0.06641121	0.3915004
3672	-25.86531	-46.00206	20.13675	1.490999	0.003417875	0.80915
3678	-27.96214	-46.25754	18.2954	0.3047706	0.08760289	3.001417
3684	-24.47394	-44.89277	20.41882	0.812841	0.006602598	1.388131
3690	-26.87875	-46.84433	19.96558	1.335334	0.006602598	1.333393
3696	-32.65372	-51.05076	18.39704	0.9528267	0.1138536	2.474471
3702	-30.15738	-49.89752	19.74014	0.9133152	0.1848598	1.419397
3708	-32.78832	-50.43729	17.64896	0.8617885	0.1182758	2.977815
3714	-36.55426	-50.6806	14.12634	2.385864	8.790528	1.453944
3720	-32.09248	-51.73146	19.63898	0.622787	0.4715299	1.210066
3726	-31.78957	-51.53552	19.74595	1.03316	0.1561398	1.394861
3732	-30.19162	-49.43935	19.24773	0.7213661	0.1348421	2.023931
3738	-34.08761	-51.04426	16.95665	2.342195	1.285739	1.229185
3744	-29.84988	-49.5778	19.72792	0.9622758	0.1635433	1.444132
3750	-30.48622	-48.92371	18.43749	0.9622758	1.33025	1.109218
3756	-29.82617	-49.33914	19.51297	0.6367388	0.4088262	1.393233
3762	-30.13584	-51.23953	21.10368	0.4390571	0.05113392	1.128031
3768	-32.09841	-51.46406	19.36565	0.7793755	0.05113392	2.1492
3774	-30.38114	-48.58537	18.20423	0.5436268	1.900487	1.325001
3780	-29.36164	-47.53946	18.17781	0.6648373	1.660883	1.372149
3786	-27.02223	-46.53282	19.51059	1.018132	0.3051103	1.262831
3792	-27.78659	-46.24736	18.46077	1.466717	1.200622	0.5357643
3798	-28.70087	-49.49455	20.79368	0.5016503	0.1600508	0.9243664
3804	-27.4999	-48.00954	20.50964	1.472082	0.03952114	0.3447488
3810	-29.38425	-49.03042	19.64618	2.330887	0.020042	0.81169
3816	-28.01907	-48.42271	20.40364	1.62	0.007916364	0.4500135
3822	-34.3919	-49.46416	15.07226	2.301114	7.102395	0.9958679
3828	-34.81478	-52.62854	17.81376	0.72015	2.446252	1.253948
3834	-39.49043	-55.50354	16.0131	1.405445	1.440763	2.453637
3840	-28.06724	-48.34403	20.27678	0.5935246	0.06272369	1.614786
3846	-30.30437	-50.3082	20.00384	0.7208692	0.09414838	1.614786
3852	-29.05568	-49.18927	20.13359	0.426988	0.1301702	1.628095
3858	-29.92301	-47.19707	17.27406	1.223837	1.234676	1.857546
3864	-32.18029	-48.55464	16.37435	1.696607	1.682632	1.918147
3870	-28.98946	-48.80379	19.81433	0.2176396	0.9455913	0.8138488
3876	-28.86295	-46.91539	18.05245	1.130934	0.8187254	1.666104
3882	-36.67065	-54.63097	17.96032	0.1775633	1.522249	1.948511
3888	-30.02323	-49.65115	19.62792	0.5587273	0.3738021	1.417757
3894	-29.84116	-48.69841	18.85725	0.2036459	0.5214183	2.026965
3900	-31.8191	-49.90007	18.08097	1.327951	0.9283229	1.408796
3906	-31.41731	-49.8705	18.45319	1.271891	0.5767225	1.502256
3912	-35.80388	-55.88086	20.07698	1.140246	0.1662099	0.9847244
3918	-41.26552	-60.62321	19.35769	0.9830042	0.07035667	1.957273
3924	-37.10223	-55.59422	18.49199	3.029807	0.1618341	0.5301448
3930	-32.96171	-51.65723	18.69552	2.247431	0.3816451	0.403825
3936	-39.52231	-57.52932	18.00701	2.69989	0.5179898	0.5876008
3942	-33.00301	-52.46965	19.46664	1.657597	0.2143182	0.9267693
3948	-33.26034	-50.00603	16.74569	1.495359	2.410354	1.49849
3954	-31.07179	-49.81399	18.74221	1.094022	1.292691	0.5940786
3960	-31.67512	-46.41305	14.73793	2.435096	9.766536	0.5940786
3966	-28.92921	-47.0006	18.07139	2.418212	0.141654	0.07015059
3972	-30.43218	-49.35475	18.92257	2.322184	0.06363382	0.1182488
3978	-32.60695	-49.66054	17.0536	2.064982	2.223727	0.785579
3984	-37.16339	-55.22582	18.06243	0.3586442	0.2712204	2.74549
3990	-25.23548	-45.82104	20.58556	0.1759265	0.2283779	1.229808
3996	-26.48653	-45.85194	19.36541	2.432094	0.08150226	0.3703506
4002	-25.50566	-45.43375	19.92809	1.590421	0.1630857	0.520596
4008	-27.50598	-46.31033	18.80435	1.03808	0.1682878	2.030531
4014	-23.2874	-42.84661	19.55921	0.01652217	0.2912103	1.980613
4020	-30.09144	-46.93557	16.84413	0.4797453	0.2912103	3.372691
4026	-32.665	-49.47973	16.81473	0.5091426	0.2912103	3.372691
4032	-27.84604	-48.2783	20.43226	0.2530144	0.4169416	0.898432
4038	-24.06972	-44.22218	20.15246	0.8257289	0.1240053	1.329877
4044	-27.29204	-47.865	20.57296	0.5491275	0.3057067	0.5484895
4050	-24.18013	-44.73814	20.55801	0.3063956	0.1228524	1.422742
4056	-26.53498	-46.51308	19.9781	1.590624	0.1199256	0.7680298
4062	-26.64036	-47.2161	20.57573	0.3957995	0.3270843	0.7680298
4068	-26.81519	-47.03654	20.22135	0.1389812	0.4841897	1.10421
4074	-28.77809	-48.88663	20.10854	0.3231169	0.6092903	0.8260665
4080	-29.71725	-48.62346	18.90621	0.2558143	0.6092903	1.86917
4086	-26.31574	-47.72581	21.41007	0.2152034	0.06063018	1.005693
4092	-26.21268	-46.04218	19.8295	0.4995832	0.3220239	1.392303
4098	-30.22848	-49.45503	19.22656	1.686267	0.1143363	1.411247
4104	-26.70385	-46.02525	19.3214	0.01497239	0.2570943	2.193438
4110	-24.43753	-45.08397	20.64644	0.07658917	0.2842662	1.138361
4116	-25.83926	-45.83292	19.99366	0.0751435	0.3667811	1.517941
4122	-24.92846	-45.24967	20.32121	1.348532	0.04201146	1.052851
4128	-28.59691	-47.15793	18.56102	1.413474	0.6790835	1.188138
4134	-26.11771	-46.59023	20.47252	0.8646199	0.03433153	1.368751
4140	-27.18514	-47.229	20.04386	1.856284	0.04473593	0.295369
4146	-28.74451	-48.83633	20.09182	1.762241	0.0717583	0.6321754
4152	-30.5839	-48.44354	17.85964	1.009048	0.1938794	2.600631
4158	-27.66785	-47.46987	19.80203	0.8343272	0.1902042	1.419801
4164	-30.10219	-48.67385	18.57166	0.9105313	0.8138316	1.450123
4170	-36.82382	-52.80613	15.98232	0.4748042	0.4809414	3.657373
4176	-31.05177	-50.23459	19.18282	1.71788	0.4047537	0.409967
4182	-42.57723	-60.98733	18.4101	2.436134	0.1815989	1.274157
4188	-44.1738	-62.33333	18.15953	2.436134	0.0392563	1.888886
4194	-44.58097	-63.78018	19.1992	2.198509	0.1354448	0.2377763
4200	-45.12635	-58.57579	13.44944	3.898257	7.358252	0.2144184
4206	-47.36623	-60.33122	12.96498	3.898257	10.87902	0.2708485
4212	-37.94568	-56.06271	18.11703	1.825448	0.7863789	1.096345
4218	-41.50565	-59.66638	18.16072	0.01334862	0.2770738	2.886877
4224	-42.72645	-59.55892	16.83246	0.5641218	0.7317907	2.886877
4230	-39.97626	-57.49032	17.51406	0.4846111	0.2306879	3.064557
4236	-34.55489	-54.08898	19.53409	0.6265082	0.1336136	1.898457
4242	-33.80685	-51.90272	18.09588	0.9519517	1.694311	1.184981
4248	-26.68948	-47.92358	21.2341	0.632425	0.02158637	0.9381998
4254	-28.31905	-47.55327	19.23421	0.1627878	0.04559489	2.639934
4260	-23.47591	-44.02926	20.55335	0.04331338	0.1945698	1.440061
4266	-23.19726	-42.47842	19.28117	0.2766342	0.9146056	1.302375
4272	-27.36398	-45.05366	17.68969	0.589571	0.2944904	2.797654
4278	-22.70935	-42.42232	19.71297	1.185403	0.2913907	0.9536365
4284	-28.41549	-48.10012	19.68463	0.2648127	0.9203007	0.9410275
4290	-26.60413	-46.62401	20.01988	1.284213	0.1779785	0.8465225
4296	-24.17656	-44.21761	20.04105	0.7986968	0.4396437	0.5902876
4302	-26.28138	-44.72564	18.44426	0.2938618	0.6739068	2.092847
4308	-28.67085	-47.97393	19.30308	1.209858	0.5173029	0.8961799
4314	-30.9255	-48.75785	17.83234	1.477207	1.60943	0.9963482
4320	-34.14617	-49.07502	14.92884	2.767377	6.903496	0.6126313
4326	-30.10366	-49.27452	19.17086	2.308847	0.1683594	0.6126313
4332	-33.80605	-51.36509	17.55904	0.9874789	1.028699	1.952025
4338	-33.10873	-50.06027	16.95154	0.1549339	0.04217017	4.001702
4344	-31.56742	-49.8374	18.26998	0.4543794	0.04043796	3.06343
4350	-35.62824	-54.5282	18.89997	1.611003	0.1445783	1.625759
4356	-38.60841	-56.95736	18.34895	0.4868548	0.3540572	2.370455
4362	-40.18454	-58.02698	17.84244	1.503925	0.4010681	1.977395
4368	-33.99306	-52.44717	18.45411	1.458988	0.1215814	2.094142
4374	-31.00148	-49.58877	18.58729	1.359498	0.3396943	1.648616
4380	-41.74278	-59.24028	17.4975	0.5979653	0.9506453	2.298614
4386	-39.06443	-56.5979	17.53346	1.518601	0.06100934	2.804058
4392	-28.24074	-47.13631	18.89557	0.2031128	0.4333859	2.10137
4398	-25.67954	-46.1037	20.42417	0.06098016	0.1378572	1.661781
4404	-24.69931	-45.02762	20.3283	0.01987115	0.1779511	1.661781
4410	-29.506	-50.60904	21.10304	0.04642516	0.1779511	1.014279
4416	-27.02118	-47.75246	20.73128	0.6083702	0.1236996	1.014279
4422	-28.64284	-48.61117	19.96833	1.065079	0.216612	1.013761
4428	-29.55611	-48.94288	19.38677	0.6971021	0.2156657	1.767956
4434	-34.43683	-52.21955	17.78272	0.7065416	1.824103	1.559462
4440	-29.09732	-48.6995	19.60219	0.4345266	0.3551755	1.559462
4446	-28.79651	-48.52127	19.72476	1.360267	0.04538897	1.520618
4452	-33.42961	-54.36572	20.93611	0.6746336	0.1340699	0.5774653
4458	-29.55997	-47.93607	18.3761	1.052119	0.8373078	1.470576
4464	-30.22468	-49.50156	19.27687	0.5940133	0.8373078	1.107439
4470	-30.81757	-48.88602	18.06845	1.708069	0.205647	1.997088
4476	-28.46045	-46.57302	18.11257	0.4646887	0.4046982	2.469609
4482	-27.76452	-48.34043	20.5759	0.2165754	0.05881514	1.684464
4488	-28.43738	-48.51922	20.08184	0.9258533	0.3067971	0.781384
4494	-28.73703	-48.84408	20.10706	1.961975	0.03399243	0.4924687
4500	-29.53006	-47.99462	18.46456	1.414199	0.9850654	0.9447683
4506	-29.642	-49.13786	19.49586	1.3547	0.4218941	0.3771123
4512	-29.71283	-49.26405	19.55122	0.7082593	0.03592704	2.12346
4518	-26.77737	-47.96915	21.19177	0.4081844	0.06510271	1.00905
4524	-28.12444	-48.46551	20.34107	1.174854	0.1379405	0.7453403
4530	-27.72867	-48.13648	20.40781	1.133113	0.1379405	0.7050542
4536	-31.73744	-48.79345	17.05601	0.1715868	0.8228589	2.922593
4542	-28.39096	-46.71276	18.32181	0.1837117	0.1440978	2.922593
4548	-38.69221	-58.14916	19.45695	1.610115	0.07565623	1.421689
4554	-39.09446	-57.17363	18.07917	2.241059	0.3091484	1.421689
4560	-29.24698	-48.20731	18.96033	2.241059	0.2605195	0.379939
4566	-27.99429	-48.13324	20.13894	1.258396	0.2014584	0.4789855
4572	-27.34162	-46.2359	18.89428	0.3997071	0.06372425	2.64775
4578	-29.66162	-48.16207	18.50045	1.362481	1.023607	0.9204159
4584	-24.74688	-45.12742	20.38054	1.402743	0.09335102	0.4681878
4590	-27.88411	-48.12017	20.23606	1.764918	0.03455503	0.7035895
4596	-29.12402	-49.27415	20.15013	0.9471252	0.2098734	0.9689045
4602	-23.71423	-44.44413	20.7299	0.9655572	0.09334883	0.7430607
4608	-32.62684	-49.04411	16.41727	2.700986	2.279354	0.7430607
4614	-30.3719	-49.55051	19.17861	0.05602074	0.5577598	1.871786
4620	-25.38483	-45.66561	20.28079	0.1612644	0.07562762	1.871786
4626	-26.85716	-45.98933	19.13217	1.412443	0.4936215	0.9042628
4632	-31.0234	-50.61598	19.59258	2.070832	0.08228808	0.8524066
4638	-32.87003	-50.21036	17.34033	2.881225	0.7349119	0.8763489
4644	-30.03743	-50.49504	20.45761	0.9233022	0.1408089	0.9042628
4650	-33.76146	-54.32834	20.56689	1.312346	0.01624599	0.9261991
4656	-41.70712	-59.71272	18.0056	1.181111	0.05236706	2.748187
4662	-35.83203	-54.26553	18.43351	2.143641	0.4371835	0.9744421
4668	-38.93172	-54.5638	15.63208	2.845538	2.426659	1.308182
4674	-39.55687	-52.03081	12.47393	3.320252	21.73815	0.6912522
4680	-29.50441	-48.67085	19.16644	1.389771	0.1911235	1.47883
4686	-27.52933	-46.92294	19.39361	0.283397	0.645609	1.463915
4692	-26.67482	-47.17065	20.49582	0.3635854	0.1105496	1.463915
4698	-28.35178	-47.35475	19.00298	0.7008134	0.375312	1.768071
4704	-31.37817	-50.04979	18.67162	1.451422	0.7880079	0.9143038
4710	-30.04092	-49.94393	19.90301	0.7501129	0.1567521	1.489694
4716	-34.85286	-53.57298	18.72012	0.1244577	0.252965	2.512588
4722	-27.12995	-47.17321	20.04326	0.5582665	0.166032	1.504945
4728	-30.6866	-50.20562	19.51901	1.156828	0.1444492	1.504945
4734	-26.99423	-45.97433	18.98009	0.2792461	0.5206588	1.894584
4740	-29.60596	-47.32844	17.72249	1.843479	1.654706	0.5937543
4746	-29.93338	-47.70019	17.76682	2.117566	1.243233	0.4361458
4752	-31.93249	-48.44799	16.5155	2.117566	3.459276	0.675761
4758	-28.90445	-49.21466	20.31021	0.2755086	0.5321444	0.775818
4764	-29.31042	-49.29928	19.98886	0.2891385	0.5321444	1.107765
4770	-35.74045	-54.08291	18.34246	1.59366	0.5872473	1.326827
4776	-28.47177	-48.81444	20.34267	1.250873	0.1311533	0.6528781
4782	-26.93272	-47.86498	20.93226	0.4419225	0.1453785	0.8933473
4788	-27.85268	-47.41112	19.55844	0.3389907	0.2830982	1.774551
4794	-26.35588	-46.43942	20.08354	0.3312676	0.5865233	0.8862341
4800	-28.09126	-48.46357	20.37231	0.1822776	0.5865233	0.6943294
4806	-24.82526	-45.31049	20.48522	0.07359518	0.1106624	1.684012
4812	-34.64773	-53.6325	18.98477	0.2744333	0.9152983	1.532734
4818	-30.70952	-49.92143	19.21191	0.4022213	0.2924528	1.952892
4824	-25.83698	-45.81987	19.98289	0.3302058	0.6336526	0.9242065
4830	-24.32841	-44.60988	20.28147	1.266308	0.1491533	0.6049856
4836	-23.58575	-44.72657	21.14081	0.1845242	0.1491533	0.932585
4842	-25.26599	-45.89237	20.62637	0.3026824	0.086835	1.487795
4848	-27.80287	-47.88162	20.07875	0.7443951	0.1102576	1.492216
4854	-31.62676	-50.62097	18.99421	0.8552137	0.1876332	1.984717
4860	-29.75471	-50.2118	20.45709	0.926436	0.1876332	0.6877949
4866	-31.98053	-51.71512	19.73459	0.07988209	1.124037	0.8673139
4872	-32.06737	-51.97213	19.90476	1.040949	0.1858031	1.179024
4878	-35.48698	-53.90673	18.41976	1.251125	0.8175247	1.298355
4884	-31.57159	-49.86944	18.29785	0.4918875	1.284605	1.623247
4890	-33.1689	-50.92909	17.76019	1.091032	0.9615673	1.790056
4896	-32.65444	-51.11299	18.45855	1.483675	0.9615673	0.9016912
4902	-35.36297	-54.2514	18.88843	0.4980609	0.2531329	2.167557
4908	-30.18184	-50.05667	19.87484	0.9158166	0.1126497	1.509311
4914	-35.43556	-55.7305	20.29494	0.5228172	0.1126497	1.488978
4920	-39.13734	-57.99261	18.85528	0.2228809	0.1126497	2.646316
4926	-36.52566	-55.57205	19.04639	2.09688	0.1618371	1.071002
4932	-30.58681	-51.20418	20.61737	0.8957759	0.1452754	0.7072672
4938	-32.61061	-52.2292	19.61859	0.3004243	0.5446474	1.391443
4944	-29.01274	-49.2986	20.28586	1.46353	0.01278114	1.043599
4950	-31.86311	-53.12153	21.25842	0.804695	0.01384111	0.6633777
4956	-32.11439	-52.5031	20.38871	0.8403213	0.0154916	1.487242
4962	-34.83646	-54.69229	19.85582	1.842383	0.0154916	1.103379
4968	-36.04821	-55.40973	19.36152	1.132664	0.07482028	1.838695
4974	-33.7268	-53.62765	19.90085	1.051691	0.1859323	1.172733
4980	-35.14648	-54.05303	18.90656	2.147928	0.3015788	0.7300063
4986	-32.67592	-51.2662	18.59028	2.147928	0.4796773	0.3633847
4992	-36.57047	-54.04837	17.4779	2.84705	0.4948742	0.1662563
4998	-36.33013	-54.90196	18.57182	2.607646	0.1110608	0.1442765
5004	-36.69752	-56.21207	19.51455	1.159941	0.03800407	1.83915
5010	-33.80294	-53.77869	19.97575	0.5734217	0.06323579	1.83915
5016	-32.95399	-53.2718	20.31781	0.134512	0.06194382	1.909519
5022	-33.97405	-53.89825	19.9242	1.366058	0.0136046	1.434959
5028	-32.23678	-52.88197	20.64518	0.6561241	0.03821626	1.382546
5034	-29.44927	-49.98215	20.53287	0.8283188	0.02348808	1.382546
5040	-30.45731	-51.21382	20.75651	0.6945148	0.004165963	1.081796
5046	-29.13088	-48.31319	19.18231	0.1476493	0.01075013	2.723232
5052	-28.20534	-48.57682	20.37147	0.2041044	0.3571279	1.124492
5058	-27.38862	-46.97508	19.58646	0.3137544	0.2833401	1.772204
5064	-22.28119	-41.44861	19.16743	0.2726786	0.01457926	2.673421
5070	-23.92875	-44.67734	20.74859	0.1071541	0.1237576	1.426723
5076	-24.94727	-45.31839	20.37112	0.1494953	0.0197364	1.987936
5082	-24.82498	-44.67819	19.85321	0.6572827	0.01364635	1.987936
5088	-28.1215	-48.58714	20.46564	1.108108	0.08149205	0.9568493
5094	-29.28093	-49.66166	20.38073	0.5581057	0.1467643	1.293706
5100	-35.95393	-51.40604	15.45211	1.404811	4.838969	1.8369
5106	-25.88381	-46.41593	20.53213	1.11215	0.07186696	0.9296095
5112	-27.90738	-47.80085	19.89346	1.360397	0.07186696	1.287769
5118	-27.41021	-46.32829	18.91809	1.003941	1.145267	0.6882939
5124	-33.63153	-48.68255	15.05102	0.4769462	1.04456	3.784622
5130	-39.02321	-56.22944	17.20623	1.402518	0.3884762	2.469584
5136	-42.25088	-60.51955	18.26866	1.223658	0.08239194	2.469584
5142	-38.8092	-57.8577	19.0485	2.564111	0.1364814	0.4926339
5148	-39.06114	-58.32846	19.26731	2.564111	0.04938558	0.2663265
5154	-39.0546	-57.36589	18.31129	1.684401	1.090558	0.3812961
5160	-32.47692	-52.28826	19.81134	2.111116	0.04747662	0.7292499
5166	-34.3862	-54.66222	20.27602	0.6812065	0.2031847	1.122141
5172	-31.61687	-52.07915	20.46228	0.32532	0.2467256	1.164892
5178	-22.6413	-43.14169	20.50039	0.3572873	0.02460972	1.750791
5184	-26.10531	-46.22551	20.12021	1.349007	0.06616185	1.127219
5190	-23.76697	-43.76415	19.99718	1.349007	0.1975436	0.7004354
5196	-27.62828	-47.51252	19.88424	0.8100175	0.2476619	1.242636
5202	-26.23706	-45.73898	19.50192	0.4665601	0.2519044	1.779533
5208	-28.91074	-47.92366	19.01291	0.6932988	0.4164186	1.710357
5214	-26.79225	-45.32116	18.52891	1.073998	0.4164186	1.782728
5220	-26.9237	-46.11644	19.19274	0.4383542	0.2608031	1.993562
5226	-27.11147	-47.30766	20.19618	0.5220879	0.04876447	1.772044
5232	-24.95971	-45.89994	20.94023	1.061702	0.02758287	0.7492901
5238	-28.48814	-48.59883	20.11069	1.336521	0.06807582	1.138623
5244	-31.60968	-47.96547	16.35579	2.251928	2.519517	1.15999
5250	-34.85469	-50.09231	15.23761	2.06897	6.598852	1.15999
5256	-25.3618	-46.08414	20.72234	0.9011448	0.02255187	1.168428
5262	-26.98852	-47.03952	20.051	0.9011448	0.3486012	0.7272011
5268	-32.49389	-51.15199	18.6581	1.463681	0.8511165	0.8299277
5274	-30.90543	-50.64556	19.74013	1.921395	0.02229914	1.13532
5280	-39.18826	-57.2231	18.03484	0.5579395	0.09279348	2.992087
5286	-38.23174	-55.21793	16.98618	2.14201	0.882363	1.654208
5292	-30.61992	-50.46336	19.84344	1.630446	0.009649656	1.256666
5298	-29.62497	-48.50603	18.88106	0.9679572	0.01748827	2.422886
5304	-27.53632	-47.14273	19.60641	0.2386799	0.02199447	2.422886
5310	-29.98092	-48.8723	18.89137	1.013481	0.00456291	2.233738
5316	-27.08951	-47.62185	20.53234	0.330216	0.01037055	1.726633
5322	-31.15684	-51.18275	20.02592	0.5376993	0.02318227	1.954952
5328	-32.71676	-53.13708	20.42033	0.9968656	0.09260288	1.062732
5334	-31.01445	-51.54034	20.52589	0.6445391	0.03030561	1.510058
5340	-29.35263	-49.56817	20.21555	0.7180531	0.07931538	1.510058
5346	-33.74581	-53.78181	20.036	1.041859	0.1433502	1.187414
5352	-32.80584	-53.35092	20.54508	0.9738397	0.1433502	0.7091513
5358	-30.6422	-51.24642	20.60422	0.03974557	0.1433502	1.531644
5364	-29.19896	-48.14186	18.9429	0.05425203	0.53352	2.056412
5370	-30.38889	-48.40658	18.01769	2.10618	0.9530805	0.3703717
5376	-23.23134	-43.58776	20.35642	1.692772	0.01261426	0.3576322
5382	-24.88275	-44.78931	19.90655	2.053489	0.01220882	0.2822338
5388	-30.4921	-48.37878	17.88668	2.053489	1.146579	0.6500413
5394	-28.74774	-48.26713	19.51939	2.096896	0.09510431	0.2669248
5400	-27.76072	-47.29605	19.53533	2.096896	0.1233757	0.3874746
5406	-29.32622	-48.85525	19.52903	2.378229	0.005484938	0.390903
5412	-36.60035	-54.46711	17.86676	0.7656971	0.6359831	2.195513
5418	-27.87163	-48.71681	20.84517	0.8819787	0.02272426	1.074485
5424	-38.97838	-49.12225	10.14388	3.591102	49.27192	1.251858
5430	-30.13057	-50.17521	20.04464	0.4935259	0.1308095	1.642507
5436	-29.15979	-47.8921	18.73232	0.5204419	0.06136716	2.680247
5442	-26.98399	-46.11089	19.1269	0.3840583	0.3576214	1.925113
5448	-29.3366	-48.54218	19.20559	0.3995177	0.114631	2.311153
5454	-29.92466	-48.43117	18.50652	0.9497302	0.0280208	2.653578
5460	-27.07186	-48.4714	21.39954	0.08162906	0.02821124	1.273803
5466	-27.8515	-48.15426	20.30276	0.1571456	0.3692465	1.204047
5472	-32.07625	-51.4068	19.33054	1.381176	0.1745656	1.39959
5478	-37.05974	-53.4309	16.37116	1.388381	2.881729	1.687773
5484	-34.28865	-52.83288	18.54423	1.428092	0.4015364	1.538476
5490	-30.80033	-50.45589	19.65556	1.457571	0.2389842	0.8616665
5496	-30.10402	-47.48677	17.38275	1.875546	1.450632	1.152002
5502	-29.06226	-48.88525	19.82298	1.927045	0.1010813	0.5337934
5508	-29.72133	-49.54826	19.82693	1.697292	0.1561449	0.6028828
5514	-31.85603	-49.46862	17.61259	2.195676	0.9500068	0.1863643
5520	-27.81859	-46.9025	19.0839	1.794479	0.3448834	0.2669464
5526	-24.03929	-44.86672	20.82743	0.8362512	0.1184916	0.5995042
5532	-26.80618	-46.49381	19.68763	1.595559	0.19511	0.8054742
5538	-26.26657	-46.46936	20.20279	1.595559	0.08974111	0.4628326
5544	-37.21216	-52.34062	15.12846	1.731911	9.424789	1.074651
5550	-32.5775	-49.20016	16.62266	1.573628	2.888598	1.359893
5556	-28.93648	-49.11721	20.18073	1.573628	0.08351755	0.3306813
5562	-28.70307	-49.35781	20.65474	0.829114	0.08225773	1.043291
5568	-35.3432	-53.07074	17.72755	1.362354	2.143684	0.8766964
5574	-32.48968	-52.43295	19.94327	0.8391051	0.06933412	1.655008
5580	-33.3622	-52.87014	19.50795	1.144873	0.3528622	1.061499
5586	-40.14573	-58.27757	18.13184	1.602587	1.012406	1.061499
5592	-33.15811	-52.34521	19.1871	0.7504317	0.4855349	1.451049
5598	-33.49448	-50.94274	17.44825	1.342349	0.7536754	1.990282
5604	-27.69293	-48.37221	20.67929	0.3398005	0.004933733	1.486028
5610	-33.86288	-53.99705	20.13416	0.8369915	0.07811933	1.486028
5616	-31.05565	-50.89327	19.83762	0.6804864	0.01728527	1.989802
5622	-29.7519	-49.13324	19.38135	2.174849	0.06090231	1.071034
5628	-29.80607	-50.31437	20.50831	0.885168	0.09603166	1.071034
5634	-28.26999	-48.90506	20.63507	0.9518707	0.05471422	1.071034
5640	-28.07373	-48.97649	20.90275	0.06004514	0.05429671	1.577879
5646	-28.97169	-48.48332	19.51163	0.2744761	0.3120862	1.804668
5652	-30.18653	-47.62266	17.43613	0.01827897	0.3120862	3.267312
5658	-30.46403	-48.19954	17.73551	0.8187649	0.1386581	2.905029
5664	-28.45206	-47.08118	18.62912	1.098925	0.8584611	1.21202
5670	-22.24968	-42.5748	20.32512	0.3011084	0.002612863	1.585326
5676	-25.20934	-45.70243	20.49309	0.02808109	0.2322238	1.414715
5682	-36.56344	-55.82936	19.26592	0.6158857	0.05381805	2.3102
5688	-34.62409	-52.43598	17.81189	2.024295	0.5956329	1.396073
5694	-36.49352	-54.36781	17.8743	2.848845	0.1314063	0.0885193
5700	-37.119	-54.34816	17.22916	2.848241	0.763513	0.2054637
5706	-32.60618	-52.50551	19.89933	1.228839	0.1243799	1.204758
5712	-27.33873	-46.81932	19.48059	1.187078	0.03757318	1.845253
5718	-31.92229	-52.05327	20.13098	1.070564	0.07605	1.31423
5724	-27.01239	-46.8641	19.85171	0.5404208	0.2649553	1.447864
5730	-25.84018	-46.41341	20.57323	0.2040733	0.1540288	1.401925
5736	-35.28593	-53.16064	17.87471	1.374783	0.7897674	1.643127
5742	-25.92184	-46.16116	20.23932	0.4160955	0.3256375	1.113318
5748	-28.5705	-47.81525	19.24475	0.6577896	0.7318887	1.191258
5754	-29.3308	-49.43861	20.1078	0.1330614	0.4968698	1.191258
5760	-37.12407	-52.4134	15.28933	2.179869	5.299984	1.290149
5766	-34.56116	-53.92834	19.36719	0.4254971	0.2254804	1.94827
5772	-33.76524	-51.82099	18.05575	0.921997	0.730841	1.883326
5778	-37.31906	-56.81105	19.49199	1.05434	0.1454981	1.597748
5784	-29.19356	-49.25454	20.06098	1.05434	0.1576872	1.109805
5790	-27.94199	-48.20019	20.2582	1.504077	0.09492168	0.5957665
5796	-31.0176	-51.0572	20.0396	0.4805679	0.009975189	1.957796
5802	-30.18349	-49.7606	19.57711	1.718183	0.237253	0.528552
5808	-27.62679	-47.85445	20.22767	1.775501	0.042707	0.3979447
5814	-27.43534	-48.51093	21.07559	0.2759432	0.04380361	1.320926
5820	-28.86606	-48.86806	20.00199	1.114146	0.1992933	0.9815465
5826	-26.0071	-47.25634	21.24924	0.2969411	0.07902187	0.9967334
5832	-25.11236	-45.0357	19.92334	1.320649	0.1547765	0.9967334
5838	-25.06047	-46.16319	21.10272	1.008445	0.01577461	0.5396904
5844	-26.80637	-46.30651	19.50014	1.304452	0.0420198	1.735225
5850	-27.38879	-46.85775	19.46896	0.9658942	0.005871524	1.937404
5856	-28.50929	-47.79411	19.28481	0.7169396	0.05712704	2.222646
5862	-27.62015	-48.34392	20.72377	0.03925225	0.04933355	1.738757
5868	-32.11907	-52.00176	19.88269	0.8918604	0.0143217	1.810902
5874	-34.12593	-53.30569	19.17976	0.8042306	0.4994811	1.397297
5880	-29.06891	-49.78925	20.72033	0.7377885	0.1114825	0.9424976
5886	-34.9917	-51.28953	16.29783	2.065915	2.158339	1.506359
5892	-32.29715	-51.94041	19.64325	0.5291044	0.9409937	0.4519152
5898	-22.79273	-43.78604	20.99331	0.9688138	0.007898641	0.7049749
5904	-26.9945	-47.54464	20.55014	0.4904686	0.001012687	0.6293066
5910	-23.23394	-43.62361	20.38967	1.48525	0.05373186	0.3106511
5916	-28.6376	-47.28002	18.64242	1.36137	1.113478	0.4554607
5922	-24.25447	-44.61607	20.3616	1.36137	0.1074304	0.4636974
5928	-25.82281	-46.3789	20.55609	1.075884	0.1312899	0.4959195
5934	-28.21319	-49.20352	20.99033	0.1510917	0.0970513	1.28653
5940	-32.68759	-52.73157	20.04399	1.699723	0.09316744	0.6602529
5946	-34.01935	-53.7594	19.74005	1.853522	0.05139497	0.1775916
5952	-29.13043	-50.59664	21.4662	0.2699011	0.05290819	0.9308154
5958	-36.74896	-52.44311	15.69415	1.698423	2.908614	1.933288
5964	-27.96755	-48.07659	20.10903	0.4865518	0.02326596	1.933288
5970	-27.01579	-47.38566	20.36988	1.102844	0.09132293	1.014603
5976	-29.48155	-48.20341	18.72186	1.783455	0.5610632	0.2750193
5982	-37.25324	-54.67071	17.41747	1.314039	1.848665	1.363487
5988	-30.77419	-47.99079	17.2166	2.068716	1.848665	0.8507216
5994	-28.82061	-47.18745	18.36684	2.213011	0.562085	0.3337561
6000	-30.14999	-47.94882	17.79883	2.049364	0.9545018	0.2004157
6006	-26.07437	-44.76817	18.6938	1.367487	0.8529248	0.8992884
6012	-28.73493	-47.40523	18.6703	2.010839	0.4187453	0.8992884
6018	-32.00099	-49.8712	17.87021	2.002544	1.043056	0.8882068
6024	-34.52834	-53.62045	19.09211	1.826406	0.3307833	0.2726393
6030	-32.8166	-51.77104	18.95444	1.928568	0.3184695	0.9025793
6036	-31.24844	-51.43103	20.18258	1.226468	0.1021519	1.031319
6042	-33.13676	-50.79763	17.66087	2.137685	0.8731531	1.136355
6048	-24.91318	-45.52182	20.60863	0.7754553	0.05324455	1.25566
6054	-24.99936	-44.48177	19.48241	0.725268	0.1413754	1.846935
6060	-28.92961	-49.58104	20.65143	0.4081187	0.1413754	1.209232
6066	-28.94869	-48.4782	19.52951	1.941933	0.1413754	0.7911679
6072	-29.86258	-49.14787	19.28529	1.84643	0.2506663	0.7994101
6078	-27.7439	-46.54326	18.79936	1.707155	0.6616341	0.4679564
6084	-27.83188	-48.86169	21.02981	0.3360072	0.1721302	0.7914648
6090	-25.93122	-45.63067	19.69945	1.070905	0.1980467	1.294801
6096	-33.95605	-53.29262	19.33657	1.113313	0.2040943	1.52923
6102	-29.16635	-49.73769	20.57134	1.215239	0.08866854	0.6051689
6108	-30.99727	-49.22126	18.22399	0.3824456	0.1018126	2.960618
6114	-30.83827	-51.1397	20.30143	0.3657795	0.05640308	1.780943
6120	-34.64677	-55.03417	20.3874	1.007014	0.05640308	1.23383
6126	-29.54355	-49.28493	19.74138	1.941228	0.1099658	0.6390887
6132	-27.07566	-46.72615	19.65048	1.132883	0.2849182	1.082036
6138	-24.6077	-43.46746	18.85976	1.085139	0.1036809	2.120623
6144	-26.9696	-47.12748	20.15789	0.1099778	0.5326677	1.116223
6150	-26.78653	-48.56405	21.77751	0.001317298	0.08671736	0.6462107
6156	-27.06926	-46.93713	19.86787	1.462254	0.08671736	1.165418
6162	-24.98856	-44.8395	19.85094	1.254297	0.1427701	1.165418
6168	-22.90767	-43.81525	20.90758	0.4542233	0.07975092	1.165418
6174	-27.46545	-47.55818	20.09273	0.5640694	0.2362503	1.298608
6180	-27.53896	-47.53819	19.99922	1.346163	0.1485926	0.9128559
6186	-25.62146	-46.32571	20.70426	0.8490963	0.1485926	0.4163676
6192	-25.41431	-46.53989	21.12558	0.7825979	0.02448232	0.8841029
6198	-30.86333	-50.55781	19.69448	1.546039	0.2469125	0.6340901
6204	-30.95043	-50.01834	19.06791	0.10186	0.912116	1.600916
6210	-30.53129	-50.8063	20.27501	0.3743956	0.1363529	1.546445
6216	-35.22789	-53.21209	17.9842	0.2550937	0.2287747	2.92328
6222	-33.33875	-53.50362	20.16487	1.476528	0.07777411	0.9021894
6228	-45.11883	-63.65519	18.53636	1.898967	0.7090389	0.5766818
6234	-27.21172	-47.31057	20.09885	0.8553684	0.005446509	1.557572
6240	-28.58167	-49.4056	20.82393	0.9467664	0.06173355	0.840606
6246	-28.26045	-47.40309	19.14264	2.552502	0.04258512	0.194614
6252	-27.40956	-45.47792	18.06836	2.552502	0.3362207	0.1652711
6258	-28.66875	-48.74727	20.07852	1.686102	0.01966415	1.043903
6264	-31.8553	-51.50046	19.64516	1.914784	0.03690554	1.175051
6270	-29.74338	-50.53684	20.79346	1.042139	0.07611857	0.6270543
6276	-26.54956	-47.36819	20.81863	1.275812	0.01244788	0.4573349
6282	-29.41296	-48.0263	18.61334	2.688122	0.1353925	1.008385
6288	-26.50209	-47.16895	20.66686	0.2857585	0.2900569	0.8980987
6294	-24.60923	-45.63949	21.03026	0.777259	0.04457816	0.8980987
6300	-22.52405	-43.56711	21.04306	0.777259	0.04457816	0.8835074
6306	-28.68478	-49.82332	21.13854	0.2939888	0.08629834	1.074579
6312	-33.75075	-51.96836	18.21762	2.291133	0.3880435	1.128372
6318	-38.82564	-55.11524	16.28961	3.032304	1.334914	1.175133
6324	-32.63778	-51.21257	18.57478	0.9474041	0.1127932	2.368571
6330	-30.41056	-50.12637	19.7158	2.112972	0.04235281	0.2464589
6336	-30.40302	-50.55185	20.14883	1.488344	0.02510679	1.150218
6342	-25.46414	-45.96554	20.5014	0.2469798	0.2224647	1.254555
6348	-31.69208	-50.50107	18.80898	0.4181812	0.8468491	1.611409
6354	-32.63885	-50.86336	18.22452	1.39127	1.578588	0.6026639
6360	-28.23444	-46.79972	18.56527	1.731079	0.8281758	0.4531596
6366	-23.82292	-43.87672	20.0538	1.088224	0.2480484	0.7947793
6372	-35.9372	-53.97496	18.03776	2.178821	0.6581462	0.2066729
6378	-32.75736	-52.38299	19.62563	2.178821	0.0260991	0.2066729
6384	-31.96912	-51.83699	19.86787	1.582101	0.0179188	1.318144
6390	-31.58226	-50.80629	19.22403	1.376178	0.5834437	0.604643
6396	-39.97468	-52.96107	12.98639	2.229365	8.421176	2.38201
6402	-36.18129	-52.00789	15.82661	1.565963	7.645307	0.8545016
6408	-35.74216	-51.58241	15.84025	1.971378	5.752251	0.8545016
6414	-33.79948	-52.12931	18.32982	1.012497	0.5703562	1.784496
6420	-35.53859	-52.99012	17.45154	2.846539	0.6897192	0.8545016
6426	-37.78305	-53.96669	16.18365	1.878365	0.6897192	2.511615
6432	-32.15849	-50.54833	18.38984	2.292499	0.4462969	0.2677728
6438	-29.06774	-49.36102	20.29328	1.246657	0.144679	0.3672461
6444	-30.63261	-50.08116	19.44854	1.463013	0.144679	1.321794
6450	-30.65328	-50.92338	20.2701	0.9926646	0.06136477	1.321794
6456	-35.45983	-54.22864	18.76881	1.414479	0.7290327	0.9275982
6462	-42.84152	-58.75041	15.90889	2.988131	2.422623	0.9275982
6468	-34.66658	-52.63262	17.96604	2.988131	0.3646292	0.6641873
6474	-38.6699	-56.81201	18.14211	2.155921	0.5148232	1.114773
6480	-40.78777	-57.78732	16.99954	3.022503	1.093829	0.4555194
6486	-38.90396	-56.48519	17.58122	2.690873	0.07073355	2.001959
6492	-43.51741	-60.28188	16.76447	0.1378412	0.535931	3.345214
6498	-39.38965	-54.36165	14.972	1.254369	0.535931	3.738804
6504	-32.4243	-51.87036	19.44606	1.254369	0.058653	1.749966
6510	-30.55636	-49.91685	19.36049	1.254369	0.3374347	1.126686
6516	-29.31799	-49.79475	20.47676	1.083902	0.1420434	0.6369147
6522	-34.12798	-50.70807	16.58008	1.744511	3.650706	0.9807877
6528	-34.1012	-51.08103	16.97983	1.339737	2.742974	1.313422
6534	-32.95168	-51.3612	18.40952	1.339737	1.415557	0.4513405
6540	-29.1295	-48.83825	19.70875	0.558603	0.4000536	1.313238
6546	-29.21169	-49.95659	20.7449	0.2325944	0.04900028	1.586557
6552	-33.09361	-51.89483	18.80123	3.194872	0.00852379	0.3610233
6558	-31.65695	-52.39825	20.7413	1.183866	0.05488437	0.6576348
6564	-30.47874	-51.4893	21.01057	0.9994339	0.01252534	0.3177066
6570	-33.88342	-51.45646	17.57304	1.705774	1.960549	0.7700472
6576	-29.04138	-49.46683	20.42546	1.635186	0.009942722	0.4337105
6582	-32.11669	-52.46012	20.34344	1.635186	0.04128791	0.3510995
6588	-25.59975	-45.96279	20.36304	1.635186	0.007008514	0.5421691
6594	-31.18655	-51.10349	19.91694	1.635186	0.144767	0.6340121
6600	-28.53322	-47.96765	19.43443	0.7408098	0.00977954	2.183221
6606	-31.58165	-50.94148	19.35983	0.7695629	0.1990689	1.770082
6612	-26.00997	-46.95671	20.94674	1.09751	0.02839748	0.6725886
6618	-34.64464	-51.7971	17.15245	0.7867095	0.5467151	2.713758
6624	-26.79862	-48.18273	21.38412	0.5131252	0.01512171	0.9032547
6630	-28.06122	-47.59301	19.53179	1.46456	0.07318207	1.484483
6636	-24.88343	-45.41965	20.53622	1.430394	0.02828815	0.7956041
6642	-25.49314	-45.4392	19.94606	1.430394	0.06275008	1.222497
6648	-25.01152	-45.04912	20.0376	0.6298201	0.1044746	1.624432
6654	-29.20107	-49.73071	20.52964	0.3174063	0.1595299	1.332087
6660	-36.35546	-52.02051	15.66505	2.981285	3.549449	0.5412207
6666	-33.69223	-52.52234	18.83011	2.235103	0.1769536	0.1726408
6672	-31.1411	-49.47523	18.33413	1.563022	0.8975333	1.0194
6678	-27.51714	-47.64024	20.1231	0.9084931	0.2152405	1.0194
6684	-27.68953	-46.92057	19.23104	0.1915581	0.06035704	2.578465
6690	-28.27416	-48.51792	20.24375	1.16081	0.1989088	0.4749138
6696	-26.89566	-47.95022	21.05456	0.9423301	0.0246925	0.7709689
6702	-31.94074	-52.48387	20.54313	0.773028	0.2222478	0.61236
6708	-31.00291	-50.37791	19.375	0.9426104	0.09082709	1.909393
6714	-30.73314	-50.21259	19.47945	0.4206674	0.1467319	2.041114
6720	-29.49523	-49.80725	20.31202	1.532858	0.05455773	0.790777
6726	-32.98699	-52.25779	19.2708	0.8232737	0.4181883	1.422695
6732	-34.59788	-52.82389	18.22601	1.141093	0.9510748	1.422695
6738	-31.96575	-50.37343	18.40767	0.7692156	0.08839045	2.648814
6744	-29.90302	-50.43133	20.52831	0.07293394	0.02266442	1.930472
6750	-33.1329	-53.06691	19.934	0.0239143	0.03573458	2.318665
6756	-25.14189	-45.78905	20.64716	0.3523036	0.1720405	1.170394
6762	-28.90922	-49.27376	20.36454	1.038071	0.1720405	0.7387529
6768	-28.83625	-49.28892	20.45268	0.6934869	0.1720405	1.036107
6774	-30.23123	-50.29739	20.06617	0.9116191	0.08245923	1.465914
6780	-25.81249	-46.82749	21.01501	0.7513686	0.01796875	1.042784
6786	-26.942	-48.07139	21.12939	0.9055329	0.01798512	0.7306637
6792	-29.31859	-50.77514	21.45655	0.1212406	0.08012273	0.9592014
6798	-32.0895	-51.593	19.5035	1.426147	0.2083247	1.133343
6804	-30.71601	-51.66902	20.95301	0.656149	0.03649714	1.133343
6810	-29.69295	-49.36934	19.67638	1.959115	0.03860948	1.100357
6816	-27.02735	-46.8414	19.81405	1.719181	0.1459922	0.6655572
6822	-24.36685	-44.51213	20.14528	1.936182	0.01168245	0.4319028
6828	-30.60763	-50.21763	19.61	1.296574	0.3580209	0.766328
6834	-30.31506	-50.61573	20.30067	1.066802	0.07488627	1.180218
6840	-27.41104	-47.2888	19.87777	0.7266118	0.07488627	1.762196
6846	-31.10606	-50.7486	19.64253	0.397694	0.07488627	2.141819
6852	-28.10172	-48.54006	20.43835	0.3318827	0.07631092	1.639999
6858	-28.59333	-47.33341	18.74008	0.8139111	0.1437841	2.273301
6864	-32.33758	-51.90023	19.56265	1.528211	0.318412	0.5605181
6870	-30.22982	-49.18965	18.95983	1.197212	0.1900778	1.769836
6876	-31.56229	-51.4851	19.9228	0.3404858	0.02882836	2.141233
6882	-27.40588	-48.36153	20.95565	1.151308	0.01404291	0.476217
6888	-28.29337	-49.4818	21.18843	0.5450346	0.01185372	1.05167
6894	-31.48722	-50.77914	19.29192	0.6759364	1.015204	0.8052675
6900	-30.34339	-49.98989	19.64651	1.615076	0.1854968	0.8690367
6906	-36.71431	-52.90921	16.1949	2.459552	3.357303	0.7077214
6912	-32.34732	-50.86129	18.51397	1.608349	0.6125269	1.139052
6918	-26.94696	-47.0525	20.10555	1.207708	0.1999165	0.3170976
6924	-30.66878	-50.76793	20.09915	1.123366	0.1729917	0.956314
6930	-31.83909	-50.58011	18.74102	1.340172	0.3719946	1.500756
6936	-23.64752	-44.48831	20.84079	0.186067	0.1420865	1.234726
6942	-23.79895	-44.76415	20.9652	0.4622001	0.09125911	1.058654
6948	-27.97804	-46.7907	18.81266	0.7521424	0.2859249	1.996345
6954	-30.17858	-50.57043	20.39185	0.7689639	0.2859249	0.4258706
6960	-32.70094	-49.85008	17.14914	1.460132	2.056772	1.361709
6966	-29.44972	-49.04115	19.59144	1.018186	0.2569142	1.292659
6972	-33.00448	-53.26713	20.26265	0.3382642	0.3621083	1.092013
6978	-30.71482	-51.14119	20.42637	1.17854	0.1186703	0.7203645
6984	-29.39071	-49.2628	19.87208	1.554042	0.01754374	1.33713
6990	-30.83058	-50.91283	20.08225	0.384257	0.1629769	1.611865
6996	-33.30498	-53.23329	19.92832	1.547745	0.01621263	1.295555
7002	-26.74442	-46.44042	19.69601	0.7026206	0.1391097	1.71996
7008	-24.90466	-44.6143	19.70963	0.6889946	0.1391097	1.71996
7014	-27.64873	-47.43625	19.78751	0.4593962	0.1840568	1.71996
7020	-26.01055	-45.87817	19.86762	0.3685245	0.2856362	1.527019
7026	-31.66084	-48.20057	16.53972	1.898747	3.483945	0.9258216
7032	-30.27952	-47.81494	17.53542	0.8079877	3.361889	1.068192
7038	-28.00054	-48.85648	20.85593	0.01155294	0.103747	1.479033
7044	-28.16718	-47.30552	19.13834	0.02547385	0.1191135	2.577441
7050	-25.58289	-44.76155	19.17865	0.2214116	0.1191135	2.429824
7056	-23.76611	-43.93043	20.16432	1.124812	0.1747491	0.8767054
7062	-24.41479	-44.77994	20.36515	0.3397799	0.3100309	1.100116
7068	-28.23323	-46.30107	18.06784	1.975744	0.9093369	0.8474432
7074	-26.93435	-46.00388	19.06953	0.8428565	0.8192845	1.088378
7080	-32.54745	-51.62745	19.08	0.7840038	0.8617903	1.088378
7086	-33.3475	-52.19708	18.84958	0.04051598	0.8617903	1.837073
7092	-26.97998	-48.12083	21.14085	0.04655518	0.1795016	0.9710748
7098	-24.75412	-46.11486	21.36074	0.2708992	0.07777642	0.9130443
7104	-25.69486	-46.61155	20.91669	0.4620196	0.1392409	0.9130443
7110	-29.3869	-49.35946	19.97256	1.294926	0.1224639	1.087698
7116	-36.42583	-54.74571	18.31988	1.556578	0.6808712	1.268814
7122	-32.44793	-52.17323	19.7253	1.110478	0.3071913	0.9802653
7128	-28.56515	-49.67272	21.10757	0.319709	0.01848682	1.336383
7134	-26.59838	-47.00695	20.40857	1.507354	0.02845074	0.8589243
7140	-25.13256	-44.50128	19.36873	0.7870998	0.7381996	0.9447002
7146	-30.61981	-48.04396	17.42415	1.882424	1.722086	0.9196376
7152	-27.29784	-46.49938	19.20154	0.3064878	0.06299287	2.517247
7158	-36.10068	-54.82265	18.72197	3.194354	0.01791722	0.8867638
7164	-36.5653	-53.9086	17.3433	0.8603885	0.6039582	2.496973
7170	-32.38388	-51.4278	19.04392	0.3042735	1.194605	1.252725
7176	-28.99721	-50.1013	21.1041	0.5915632	0.1013707	0.685269
7182	-26.76125	-46.78466	20.02341	0.9175754	0.07547502	1.517894
7188	-26.21853	-47.65055	21.43202	0.07399212	0.07547502	1.052121
7194	-24.66203	-44.93745	20.27543	0.2408766	0.4628817	0.9898548
7200	-23.54967	-44.69981	21.15014	0.01003601	0.05198199	1.438885
7206	-26.12245	-46.7138	20.59135	0.03930826	0.04852917	1.833482
7212	-27.70396	-47.69546	19.99149	0.3636171	0.5713352	0.9752824
7218	-33.57961	-53.42887	19.84926	1.857803	0.1116662	0.526808
7224	-36.20527	-55.94845	19.74317	2.038244	0.08778166	0.389833
7230	-35.52386	-52.46113	16.93727	2.486154	1.899146	0.5188019
7236	-32.5528	-49.71027	17.15747	1.800351	2.297948	0.2282889
7242	-32.40525	-51.35672	18.95147	1.78059	0.3985693	0.8849587
7248	-34.97193	-52.62544	17.6535	1.712189	1.409776	1.082967
7254	-26.69536	-47.18765	20.4923	0.8909316	0.08765396	1.114379
7260	-29.79481	-50.02642	20.2316	1.18509	0.1509707	0.8184496
7266	-34.68048	-51.36618	16.68571	1.86808	2.768595	1.10334
7272	-32.70162	-49.43085	16.72923	1.040914	3.232031	1.574321
7278	-26.57563	-46.97555	20.39992	0.9546078	0.03986118	1.334127
7284	-28.02055	-48.68944	20.66888	0.9546078	0.0748783	0.9366618
7290	-27.76396	-47.78973	20.02576	0.4373091	0.06991223	1.875922
7296	-34.24687	-53.71417	19.4673	1.595331	0.1733939	0.1689939
7302	-32.7921	-51.71536	18.92326	0.9607012	0.2129715	1.910566
7308	-26.61228	-47.22974	20.61746	0.4565435	0.1231242	1.254493
7314	-31.24263	-49.77553	18.5329	0.5942988	0.1280319	2.578784
7320	-31.64595	-50.78255	19.13661	0.5278339	0.005131155	2.411827
7326	-28.7609	-47.95887	19.19797	1.635294	0.4473518	0.5624761
7332	-26.74618	-46.25259	19.50641	1.325397	0.4473518	0.5687378
7338	-28.21902	-48.2196	20.00058	1.461859	0.1002775	0.9862289
7344	-27.50564	-48.64042	21.13478	0.5784475	0.06925297	0.8658586
7350	-33.72222	-53.18656	19.46434	1.383041	0.4258269	0.6377962
7356	-37.0454	-57.466	20.42059	1.553723	0.02900134	0.2960158
7362	-29.85104	-49.74924	19.8982	1.553723	0.1838572	0.506626
7368	-31.91205	-51.77816	19.86611	1.447438	0.04480016	1.347329
7374	-28.62993	-49.28337	20.65344	1.447438	0.02459904	0.5526965
7380	-32.0876	-50.5095	18.4219	2.399536	0.4258762	0.6902127
7386	-35.0384	-52.77598	17.73759	2.399536	0.9329785	0.3598813
7392	-34.51128	-52.71149	18.2002	2.650238	0.441748	0.4937013
7398	-33.39143	-51.22394	17.83251	2.306415	0.5762461	1.171233
7404	-32.90897	-51.00149	18.09252	2.482883	0.6099636	0.5535065
7410	-40.27688	-55.47797	15.20109	2.72779	5.961462	0.4549091
7416	-41.69415	-56.90668	15.21252	1.869274	1.731626	2.536086
7422	-36.60351	-53.70841	17.10491	1.704385	1.877186	1.286807
7428	-36.46832	-52.50705	16.03873	1.947928	5.232257	0.8041678
7434	-34.96059	-53.46217	18.50158	1.947928	0.6285195	0.7651983
7440	-35.29709	-54.90464	19.60755	2.109438	0.0851323	0.7651983
7446	-35.92202	-54.68142	18.7594	1.853278	0.3219822	1.158731
7452	-28.72587	-48.98654	20.26067	0.7110278	0.1205957	1.34562
7458	-34.24603	-52.11503	17.869	0.6766751	1.119939	1.894158
7464	-31.57492	-51.2589	19.68397	1.622141	0.1369778	0.9979244
7470	-33.64344	-53.0834	19.43996	1.622141	0.2373497	0.9246608
7476	-31.4296	-51.63581	20.20621	1.691695	0.06853699	0.5265747
7482	-37.05278	-56.15694	19.10416	1.486819	0.2461876	1.330297
7488	-34.74126	-55.03975	20.29849	0.9809191	0.1098626	1.122566
7494	-35.05834	-54.73714	19.67881	0.9809191	0.2512004	1.263655
7500	-40.89986	-57.62808	16.72822	3.695362	0.7007387	0.3820215
7506	-34.54841	-51.95094	17.40254	2.188766	1.603804	0.395665
7512	-34.96995	-54.33988	19.36993	1.992678	0.18804	0.7216439
7518	-34.36215	-52.05419	17.69204	0.5607282	0.107351	3.158226
7524	-30.2207	-49.27579	19.05509	0.2261495	0.2516779	2.238081
7530	-31.87953	-52.09879	20.21926	0.3384731	0.1997652	1.457831
7536	-42.7156	-59.11484	16.39924	2.22183	0.7809695	2.080639
7542	-40.30103	-57.09233	16.79131	1.316629	1.303158	2.080639
7548	-32.90375	-50.93303	18.02929	1.316629	0.1880156	2.312251
7554	-29.84927	-49.15775	19.30848	0.1309655	0.1916208	2.245225
7560	-30.68909	-49.9647	19.2756	0.373846	0.09404454	2.3376
7566	-33.72343	-52.24787	18.52444	0.5997719	0.2522532	2.3376
7572	-37.50092	-55.30082	17.7999	2.121549	0.6053806	1.317331
7578	-31.78466	-52.3689	20.58423	1.179998	0.08018516	0.7277911
7584	-31.93627	-50.82792	18.89164	0.8424851	0.1179476	2.219913
7590	-27.44582	-47.78983	20.34401	1.065601	0.1450452	0.8532861
7596	-29.35094	-48.75083	19.3999	1.065601	0.2545625	1.411855
7602	-29.95367	-49.7643	19.81063	0.6548659	0.2545625	1.411855
7608	-34.24853	-52.33831	18.08978	2.375714	0.2545625	1.411855
7614	-35.96981	-55.92349	19.95367	1.084798	0.1667277	1.15145
7620	-31.89154	-51.68701	19.79547	1.195445	0.08489016	1.44752
7626	-36.4024	-54.71784	18.31544	0.7192567	1.041489	1.603301
7632	-29.35187	-49.85275	20.50088	0.3160068	0.07719036	1.603301
7638	-34.84773	-52.12479	17.27706	0.07075986	1.065276	2.694963
7644	-27.15865	-47.37645	20.2178	1.456802	0.05878865	0.9648562
7650	-23.40999	-43.96923	20.55924	1.294556	0.06229976	0.7207521
7656	-25.19134	-45.22421	20.03287	1.665231	0.007007649	0.9966019
7662	-29.85067	-50.34681	20.49614	1.192873	0.05466908	0.9711753
7668	-31.71936	-51.38792	19.66856	0.3474087	0.1053211	2.06946
7674	-33.60037	-53.06891	19.46854	0.725202	0.103892	1.955138
7680	-42.22252	-57.43795	15.21543	4.162974	0.4016704	1.955138
7686	-33.01638	-50.52181	17.50543	2.020117	1.634113	0.7113552
7692	-32.6728	-50.14772	17.47492	0.6521953	0.3531008	2.811036
7698	-26.92608	-46.85061	19.92454	0.4221146	0.3531008	1.325317
7704	-27.78026	-47.12676	19.34651	0.9978905	0.7694747	0.622874
7710	-35.25513	-53.66731	18.41218	0.9331841	1.159787	1.2805
7716	-34.87751	-52.30557	17.42806	1.28309	1.225439	1.714925
7722	-29.72657	-49.39893	19.67236	1.250054	0.08574396	1.496474
7728	-26.17353	-45.97706	19.80353	0.1494529	0.5916866	1.307968
7734	-26.34797	-45.81636	19.46839	0.1072389	0.5916866	1.596229
7740	-27.03675	-47.01442	19.97766	1.113805	0.07642856	1.399987
7746	-27.86653	-48.78013	20.9136	0.1501073	0.1894568	1.062177
7752	-34.58841	-52.21926	17.63086	1.102534	0.4430285	2.32608
7758	-28.49283	-48.94407	20.45124	0.2268846	0.2672039	1.21393
7764	-32.17985	-52.32545	20.1456	1.004335	0.1040785	1.254978
7770	-30.28003	-50.62374	20.34371	0.2432153	0.2486891	1.32827
7776	-32.61993	-52.2335	19.61357	1.168658	0.1567174	1.390883
7782	-31.42033	-50.45238	19.03204	2.260485	0.1957314	0.2912633
7788	-31.24016	-48.16514	16.92498	2.663054	0.8681617	0.1198936
7794	-31.1126	-47.62079	16.5082	2.663054	1.308483	0.1198936
7800	-32.00978	-51.00294	18.99315	0.5117314	0.540939	1.702189
7806	-29.22166	-48.705	19.48334	1.42144	0.4119546	0.5189572
7812	-30.19704	-49.89457	19.69753	1.074125	0.3101539	1.037142
7818	-31.84575	-51.01821	19.17246	1.141241	0.113502	1.847039
7824	-29.73487	-46.67233	16.93745	1.481471	3.829143	0.8000621
7830	-26.91446	-45.38765	18.47318	1.481471	1.152382	0.4111627
7836	-38.27755	-55.18125	16.9037	0.6290168	1.152382	2.530779
7842	-31.00706	-50.75967	19.7526	1.2181	0.3326064	0.7515489
7848	-32.94319	-52.3193	19.37611	1.2181	0.1911228	1.449981
7854	-34.06533	-52.18285	18.11753	1.2181	0.5443232	1.816742
7860	-27.64751	-47.65059	20.00308	0.9543203	0.2617881	0.9678624
7866	-28.27769	-47.68794	19.41025	1.547147	0.2617881	0.9678624
7872	-28.96215	-49.40149	20.43934	0.9927615	0.1795092	0.3812783
7878	-37.58858	-54.3023	16.71372	2.881239	1.352488	0.8959735
7884	-41.08333	-58.75552	17.67219	2.705407	0.1960685	0.07591523
7890	-39.50151	-58.06014	18.55863	3.523513	0.02812286	0.4270163
7896	-40.10402	-59.05884	18.95482	2.531448	0.012839	0.1286341
7902	-41.36146	-58.20762	16.84616	2.531448	0.2714064	2.143153
7908	-34.52742	-54.32783	19.80041	2.161047	0.04326526	0.699295
7914	-38.58998	-54.86202	16.27204	1.059061	3.163019	1.90242
7920	-32.92752	-51.0002	18.07268	1.227197	1.626899	0.993916
7926	-38.5229	-57.21089	18.68799	1.305896	0.7305216	1.112034
7932	-33.60998	-51.04142	17.43144	2.181216	0.02946304	2.553287
7938	-32.81714	-51.83877	19.02163	1.106771	0.1136689	1.972112
7944	-33.2761	-51.22156	17.94546	0.4335253	0.06786612	3.188035
7950	-30.05497	-49.42923	19.37426	2.364134	0.0145643	1.063214
7956	-30.20134	-48.80883	18.6075	1.896317	0.6196674	0.69921
7962	-31.6803	-47.5836	15.90329	2.020852	3.850541	1.277854
7968	-26.33281	-46.55617	20.22337	1.717989	0.03214347	0.8080018
7974	-29.55274	-48.60006	19.04733	2.012093	0.2766814	0.8080018
7980	-31.55768	-50.15726	18.59958	2.551472	0.2553718	0.755176
7986	-40.13749	-53.36918	13.2317	0.3805743	3.103405	4.165977
7992	-28.51817	-48.75805	20.23989	0.640955	0.1708841	1.273996
7998	-29.06912	-49.19443	20.12531	0.6051082	0.04116498	1.789936
8004	-26.72242	-46.72159	19.99918	0.5254704	0.2204253	1.437273
8010	-27.2818	-47.14692	19.86512	1.660756	0.07320182	1.043369
8016	-29.275	-48.53646	19.26146	1.2101	0.6868254	0.5424741
8022	-30.1919	-47.47835	17.28645	1.074693	1.994107	1.577538
8028	-29.29021	-48.71195	19.42174	1.666304	0.08456806	1.373399
8034	-25.99415	-46.22354	20.22939	0.1215911	0.4656191	1.141327
8040	-28.72082	-48.11474	19.39392	0.4609465	0.6015938	1.374666
8046	-27.30097	-47.03119	19.73022	1.087172	0.1525272	1.374666
8052	-26.32642	-47.71825	21.39183	0.4536997	0.07032812	0.6656488
8058	-25.34942	-44.37792	19.0285	0.5513123	0.0959736	2.376494
8064	-23.64386	-43.99063	20.34677	1.149173	0.02865118	1.260194
8070	-28.11634	-47.14109	19.02475	1.581392	0.2069604	1.40426
8076	-31.83639	-49.63861	17.80222	1.836458	1.04978	1.116261
8082	-29.87476	-48.80681	18.93205	1.481279	0.4995395	1.030169
8088	-27.69316	-46.91839	19.22522	0.2783801	0.6375062	1.600983
8094	-25.06352	-45.38764	20.32412	0.1221834	0.1736599	1.600983
8100	-25.82672	-45.85887	20.03215	0.4191707	0.334146	1.273102
8106	-23.7258	-44.78358	21.05778	0.3504201	0.09904111	1.044844
8112	-28.73668	-45.66423	16.92754	1.067822	0.7829738	2.480101
8118	-33.96925	-52.31721	18.34796	1.366312	1.241967	0.862893
8124	-27.35901	-48.40352	21.04451	0.422976	0.04450489	1.222479
8130	-26.13986	-47.17958	21.03972	0.07317365	0.1229402	1.222479
8136	-29.94671	-50.61002	20.66331	0.6230269	0.09915437	1.156144
8142	-30.32832	-49.89897	19.57065	1.032412	0.4392511	0.943454
8148	-27.27772	-48.07157	20.79385	0.6998154	0.09094079	0.9954326
8154	-25.23664	-45.19291	19.95627	0.6670569	0.2703535	1.253387
8160	-25.46046	-46.0043	20.54383	0.4240263	0.2862658	0.8910939
8166	-25.84103	-47.14054	21.29951	0.6037101	0.02408711	0.8910939
8172	-28.03584	-47.14497	19.10913	0.5363435	0.1973541	2.100099
8178	-29.17848	-47.78786	18.60938	0.3765871	1.144903	1.568235
8184	-24.87632	-45.5697	20.69338	0.2415512	0.09478172	1.456829
8190	-23.37057	-43.79872	20.42815	1.232836	0.09478172	0.7839839
8196	-29.26483	-48.98191	19.71708	0.8663916	0.1135013	1.658238
8202	-23.3484	-43.55998	20.21158	0.1955985	0.2217071	1.523254
8208	-24.25607	-44.55031	20.29424	0.6644247	0.2097819	1.103262
8214	-28.54375	-46.96458	18.42083	1.057982	1.539324	0.8669629
8220	-29.44162	-46.95497	17.51335	2.00826	1.560092	0.2892134
8226	-26.57761	-46.36811	19.79049	1.220827	0.3447021	0.6300343
8232	-26.03781	-45.49498	19.45717	0.277823	0.3447021	1.790409
8238	-26.81625	-45.42231	18.60606	0.1565721	0.3447021	2.429137
8244	-27.88659	-47.05538	19.16879	0.05428632	0.1687064	2.429137
8250	-31.23169	-49.75572	18.52402	1.992091	0.648127	0.5778375
8256	-29.90031	-49.77019	19.86988	0.6333535	0.3150944	1.265083
8262	-27.62012	-47.50034	19.88022	0.552811	0.2240679	1.498988
8268	-27.56133	-47.8523	20.29097	0.1106571	0.2945171	1.384838
8274	-35.37061	-48.50612	13.13551	2.082981	10.84431	2.125992
8280	-41.92073	-54.35581	12.43508	2.629153	24.79448	1.224719
8286	-37.38946	-54.86398	17.47453	1.138358	1.144417	1.832993
8292	-37.43941	-56.94836	19.50896	1.138358	0.515228	0.7239851
8298	-32.54218	-50.31767	17.77549	1.156059	0.4828707	2.153759
8304	-34.15648	-52.83498	18.6785	0.6926358	0.1923197	2.287679
8310	-30.34578	-50.91035	20.56457	0.7658178	0.0326075	1.380159
8316	-36.27192	-55.36846	19.09654	0.3422764	0.4977826	1.797108
8322	-30.89937	-50.36101	19.46164	0.01431107	0.2152242	2.176499
8328	-30.95118	-50.59996	19.64879	0.06320831	0.2610981	1.938812
8334	-28.82386	-49.36681	20.54295	0.3561423	0.03989435	1.675754
8340	-25.32954	-45.91737	20.58783	0.9194242	0.1513944	0.6791272
8346	-26.74728	-47.04141	20.29413	1.515579	0.04481178	0.8943026
8352	-26.50302	-47.78622	21.28319	0.5818552	0.07136584	0.6086795
8358	-29.00516	-45.7638	16.75865	2.630717	0.7342198	0.07701878
8364	-33.39747	-49.69606	16.29859	0.168383	0.08454509	4.248644
8370	-31.39516	-49.1815	17.78633	0.2362875	0.1532178	3.192084
8376	-29.29308	-49.38218	20.08911	0.004650472	0.0750418	2.106335
8382	-29.97251	-50.01332	20.04081	0.9262592	0.3392646	0.7350853
8388	-28.54192	-49.66906	21.12714	0.4846344	0.05767762	1.033291
8394	-27.82703	-47.61858	19.79155	0.2435849	0.04448439	2.241932
8400	-27.82902	-46.63127	18.80224	0.2313859	0.3557216	2.241932
8406	-28.39122	-46.25338	17.86216	1.057452	0.4132723	2.241932
8412	-29.39084	-49.79323	20.40239	0.004074202	0.2740111	1.419522
8418	-30.96566	-52.45245	21.48679	0.1518256	0.09180682	0.8304546
8424	-27.40378	-48.35939	20.95561	0.001163152	0.09180682	1.450074
8430	-28.50339	-49.32587	20.82248	0.3869415	0.03220471	1.474633
8436	-25.7464	-45.82441	20.07801	1.030244	0.2365688	0.8750876
8442	-27.62078	-48.12533	20.50455	1.456045	0.04943756	0.3821248
8448	-29.07231	-49.37778	20.30547	1.009326	0.2281328	0.5614447
8454	-25.03416	-45.37206	20.3379	0.5239637	0.2281328	1.143636
8460	-25.10766	-45.41138	20.30371	0.5581523	0.2281328	1.143636
8466	-28.8083	-48.09828	19.28998	1.049068	0.4815753	1.127503
8472	-29.77786	-49.74327	19.96541	0.4617474	0.4815753	1.045868
8478	-26.44964	-46.67535	20.22571	0.3654531	0.1315853	1.602099
8484	-23.18416	-43.35993	20.17577	0.2112579	0.1920083	1.602099
8490	-23.67424	-43.88528	20.21104	0.1021844	0.3356094	1.381375
8496	-26.29966	-46.87126	20.5716	1.081224	0.1254042	0.4730837
8502	-26.02779	-47.14956	21.12176	0.1964789	0.01049055	1.391822
8508	-25.62084	-45.85515	20.23431	0.7744846	0.2842392	0.8486852
8514	-26.6687	-46.81647	20.14778	1.448203	0.1065475	0.804515
8520	-26.95477	-47.19617	20.2414	1.319908	0.1508069	0.4951969
8526	-26.46663	-45.99411	19.52749	1.129299	0.08278844	1.699629
8532	-27.82399	-47.93641	20.11242	0.9854932	0.1567448	1.128444
8538	-26.25977	-46.58475	20.32498	0.3842705	0.1633449	1.430031
8544	-32.65307	-51.13416	18.48108	0.01199135	0.03324933	3.221159
8550	-33.35061	-52.06315	18.71254	0.8919597	0.02939081	2.558533
8556	-28.08691	-47.6512	19.56429	0.5925593	0.1059938	1.974018
8562	-31.68509	-51.50786	19.82276	1.178963	0.1969984	1.098476
8568	-35.65952	-53.25399	17.59448	1.000747	0.2192375	2.723192
8574	-36.02205	-55.07772	19.05568	1.027148	0.2988106	1.616563
8580	-33.49369	-52.25924	18.76555	0.5901365	0.1261258	2.440641
8586	-35.27695	-52.9915	17.71455	1.283689	0.238274	2.440641
8592	-24.52363	-44.90324	20.37961	0.5640901	0.01167764	1.679905
8598	-26.512	-46.59099	20.07899	0.2478258	0.176688	1.679905
8604	-27.38742	-47.88779	20.50037	0.1369369	0.176688	1.451641
8610	-26.39525	-47.56332	21.16807	0.7615116	0.0399932	0.7741341
8616	-27.73532	-46.79638	19.06106	0.2892562	0.01307955	2.723822
8622	-29.71495	-48.75761	19.04266	0.2459793	0.008404753	2.723822
8628	-27.97355	-49.04268	21.06913	0.006980586	0.105906	1.30927
8634	-29.97427	-49.65792	19.68365	0.3796984	0.273642	1.673974
8640	-23.72087	-44.55163	20.83076	0.07472364	0.03909514	1.673974
8646	-26.89934	-47.40805	20.50871	0.0190259	0.1220344	1.673974
8652	-26.88562	-47.00179	20.11618	0.409243	0.1144957	1.696751
8658	-29.18492	-49.6519	20.46697	0.01423691	0.1257892	1.696751
8664	-23.69418	-44.10196	20.40779	0.1385727	0.1093166	1.696751
8670	-22.96697	-43.77574	20.80877	0.7370335	0.1122931	0.8386451
8676	-27.66329	-47.86378	20.20049	1.187008	0.1247683	0.9616625
8682	-28.26143	-47.81316	19.55172	1.730011	0.1247683	1.066088
8688	-25.71593	-44.0377	18.32177	1.573369	0.6186542	1.323189
8694	-25.54251	-45.71992	20.17741	1.573369	0.08412246	0.7204786
8700	-26.53614	-45.7454	19.20926	1.232123	0.4774874	1.038887
8706	-23.49839	-43.66454	20.16614	1.947744	0.01848715	0.5400528
8712	-27.78673	-47.88007	20.09334	0.5946574	0.01848715	1.87547
8718	-25.20879	-46.06638	20.85759	0.9065348	0.03757689	0.9812378
8724	-27.81145	-47.05595	19.2445	0.3320301	0.3499573	1.891553
8730	-27.42997	-47.62581	20.19584	0.2017196	0.3338182	1.317469
8736	-24.74464	-45.26883	20.52419	0.7509352	0.05994837	1.317469
8742	-23.91645	-43.51581	19.59936	0.4156926	0.519914	1.346626
8748	-27.18208	-47.07328	19.89119	0.8948735	0.1835617	1.318108
8754	-30.71405	-48.24361	17.52956	0.1675328	2.1159	1.990961
8760	-23.21121	-43.172	19.96079	0.0884762	0.2666583	1.696352
8766	-25.42486	-45.46019	20.03534	0.3887446	0.2666583	1.420052
8772	-26.48414	-45.98712	19.50298	1.123385	0.4678792	0.8603969
8778	-27.91098	-46.36716	18.45618	1.648995	0.9660063	0.6677804
8784	-30.3895	-47.32743	16.93793	0.7333478	1.386318	2.320253
8790	-25.80109	-45.8737	20.07261	0.2245675	0.3986789	1.291186
8796	-30.74582	-49.52857	18.78275	0.5932859	0.6627361	1.66793
8802	-29.48158	-49.76098	20.27941	0.9931953	0.2088152	0.7639197
8808	-33.45471	-52.57584	19.12113	0.705053	0.3238168	1.758514
8814	-36.41519	-55.02601	18.61082	2.031007	0.5476755	0.6371002
8820	-34.91646	-54.94425	20.02779	1.728068	0.01176402	1.029315
8826	-33.29969	-52.34152	19.04182	1.5866	0.5763688	0.5286202
8832	-36.52695	-51.10537	14.57842	2.399808	4.0193	1.927556
8838	-39.84302	-54.14068	14.29766	5.878677	0.8725564	0.330878
8844	-35.37558	-53.23857	17.86298	2.385898	0.8725564	0.5328474
8850	-38.96544	-57.78309	18.81765	1.132055	0.6619767	1.228869
8856	-37.61887	-55.2249	17.60603	0.6514334	1.064209	2.120867
8862	-35.55157	-55.01879	19.46722	0.6950597	0.7732033	0.8902544
8868	-33.22425	-52.05462	18.83038	0.7665205	0.7732033	1.39892
8874	-26.24421	-46.65587	20.41166	1.481386	0.06615629	0.4116553
8880	-29.22363	-49.17198	19.94836	1.034224	0.3585893	0.6289733
8886	-34.67555	-52.80161	18.12606	1.754806	1.001222	0.9250439
8892	-36.66273	-56.81542	20.15269	0.7030718	0.1993603	1.220634
8898	-31.34364	-50.73437	19.39072	1.006144	0.05060117	1.984838
8904	-30.18295	-49.02629	18.84334	0.9153267	0.8576166	1.186573
8910	-29.08921	-48.35742	19.26821	0.9029709	0.5435612	1.186573
8916	-34.25023	-51.98086	17.73064	0.79011	0.5435612	2.354394
8922	-28.46602	-49.01804	20.55202	0.7041722	0.1440927	1.02182
8928	-34.46381	-53.77869	19.31488	0.144659	0.330788	1.997997
8934	-43.45394	-57.0058	13.55186	2.411526	1.302688	3.398426
8940	-38.72905	-55.70455	16.97551	1.539547	0.2804356	2.673979
8946	-37.17156	-56.25127	19.07971	1.324583	0.270179	1.428516
8952	-34.92141	-52.53337	17.61196	2.598123	0.4646484	1.263448
8958	-32.00496	-50.90116	18.8962	0.5416524	0.1034072	2.446113
8964	-32.90745	-52.27168	19.36423	0.6636781	0.2553702	1.731706
8970	-33.25406	-51.88111	18.62705	2.092541	0.4471873	0.292477
8976	-28.87089	-48.71996	19.84907	1.430236	0.1893821	0.8329385
8982	-30.15728	-47.46453	17.30724	1.605567	1.804211	1.238945
8988	-28.87976	-49.24056	20.3608	1.605567	0.0472229	0.6517554
8994	-31.33477	-49.91826	18.58348	1.429091	0.5965862	1.253201
9000	-29.06168	-48.21429	19.15261	1.280627	0.6811015	0.6738813
9006	-32.96467	-50.33382	17.36915	2.195569	1.585679	0.3410804
9012	-25.3906	-46.16674	20.77614	0.9657803	0.004461882	0.7943003
9018	-25.5428	-45.9672	20.42439	1.543766	0.008260256	0.3359724
9024	-37.7162	-54.60065	16.88445	1.474096	2.855346	1.239887
9030	-26.07718	-46.25885	20.18167	1.474096	0.1203455	0.6014077
9036	-26.62877	-45.91698	19.28821	1.474096	0.4818362	0.6014077
9042	-28.00789	-47.8771	19.86921	1.481995	0.1599866	0.8610693
9048	-27.0584	-46.63088	19.57249	1.294035	0.3424187	0.8610693
9054	-30.98315	-49.84884	18.8657	1.291828	0.2398095	1.668882
9060	-36.39936	-54.14283	17.74347	2.174591	1.143694	0.3435547
9066	-28.4648	-48.27108	19.80628	1.335393	0.2478638	0.7959087
9072	-33.06923	-48.7447	15.67547	1.819774	5.036232	1.327332
9078	-31.18208	-51.19531	20.01323	1.396371	0.1462107	0.848272
9084	-34.16269	-52.34666	18.18397	2.004134	0.9306287	0.4933087
9090	-34.07848	-51.63023	17.55176	1.895513	1.473328	0.2190614
9096	-31.69862	-50.53624	18.83762	1.499242	0.5626132	1.007016
9102	-29.22055	-48.36918	19.14863	1.066404	0.6231157	1.039358
9108	-30.11095	-50.21522	20.10427	1.563813	0.01848194	1.133776
9114	-36.19176	-54.56949	18.37773	0.9522684	0.2084713	2.283145
9120	-27.06056	-46.19489	19.13433	0.6136363	0.2084713	2.010606
9126	-28.31789	-48.1603	19.84241	0.2978261	0.5544382	1.19871
9132	-29.57626	-49.4457	19.86944	0.6854955	0.07664987	1.790848
9138	-33.68026	-53.43897	19.7587	1.08448	0.07664987	1.585985
9144	-30.84843	-50.39265	19.54421	1.78127	0.2173755	0.6239984
9150	-37.05027	-56.61245	19.56218	1.736286	0.0531434	1.325962
9156	-39.34633	-58.07322	18.72689	0.9951614	0.05116907	2.419918
9162	-39.1605	-58.53149	19.37099	1.729964	0.3168948	0.5072014
9168	-33.3098	-53.20418	19.89439	1.205976	0.3168948	0.4816306
9174	-31.55362	-50.82528	19.27166	1.187489	0.599399	0.8090851
9180	-30.1813	-50.118	19.9367	0.2512428	0.3358767	1.477293
9186	-25.86046	-46.77938	20.91892	0.4392853	0.1065899	1.062282
9192	-23.40515	-43.41083	20.00568	0.5897612	0.1593584	1.526194
9198	-25.53031	-46.12449	20.59418	1.174883	0.01628193	1.038574
9204	-25.64779	-46.05053	20.40274	1.422424	0.08136384	0.5878347
9210	-26.86663	-47.83436	20.96773	0.6279242	0.1123263	0.7727077
9216	-24.22895	-45.59287	21.36392	0.3159451	0.09230191	0.7727077
9222	-25.56449	-46.2394	20.67491	0.4959588	0.08337429	1.311717
9228	-23.4046	-43.80266	20.39805	0.3484049	0.03536031	1.798149
9234	-26.57936	-47.52806	20.9487	0.7699343	0.01429395	1.080684
9240	-24.81012	-45.39586	20.58574	0.2061364	0.1853644	1.308861
9246	-23.01647	-43.99072	20.97425	0.7901288	0.02839198	1.021464
9252	-22.09326	-42.45689	20.36362	1.672989	0.02839198	0.3504195
9258	-28.47029	-49.49719	21.0269	0.3405007	0.1367184	0.935413
9264	-23.6699	-43.76637	20.09647	0.7314482	0.07313239	1.609126
9270	-23.04171	-43.6124	20.57069	0.5823216	0.09083625	1.299126
9276	-25.92374	-45.13405	19.21031	0.7101474	0.04330477	2.319138
9282	-32.37701	-49.1059	16.72889	0.9399525	1.391684	2.319138
9288	-32.35178	-52.04118	19.6894	0.8919745	0.3198119	1.190203
9294	-38.0612	-54.57058	16.50939	1.45387	1.671919	1.995326
9300	-40.12069	-57.11689	16.9962	1.431742	2.484619	1.324922
9306	-39.01927	-56.42051	17.40124	1.74958	2.259445	0.7076431
9312	-38.88288	-56.04617	17.16329	1.828112	2.45827	0.7932279
9318	-33.89247	-51.66848	17.77601	0.8084857	0.5583081	2.299288
9324	-32.8034	-52.32831	19.52492	0.1803763	0.09145768	2.309228
9330	-31.67665	-51.97974	20.30309	1.480865	0.04640487	0.9141991
9336	-29.55367	-48.88108	19.32741	0.7798052	0.1499652	1.894631
9342	-32.5632	-51.97428	19.41108	1.081208	0.35876	1.194738
9348	-27.10968	-47.80076	20.69108	0.9885135	0.06309939	0.9371819
9354	-27.85512	-48.04071	20.18559	0.9866905	0.0474834	1.4469
9360	-29.03901	-49.20621	20.16721	1.169022	0.08380222	1.171572
9366	-30.28377	-49.8355	19.55173	0.6315891	0.5468628	1.171572
9372	-33.8026	-51.22086	17.41826	0.7989178	0.2304536	2.933829
9378	-33.35665	-51.07497	17.71831	0.9259025	0.7266454	2.109434
9384	-27.63963	-47.30425	19.66462	0.9280202	0.2577702	1.304679
9390	-35.33322	-50.5325	15.19928	1.324454	1.985943	2.782362
9396	-31.60707	-52.05507	20.448	0.691331	0.0481174	1.469554
9402	-27.58579	-47.25706	19.67127	1.135928	0.1824546	1.303839
9408	-27.72674	-47.83992	20.11318	1.533789	0.08764124	0.8429832
9414	-25.00367	-46.18503	21.18136	0.3659832	0.05548496	1.104117
9420	-26.97859	-47.39852	20.41993	1.064642	0.1010245	0.9602218
9426	-27.00515	-46.00996	19.00481	1.292824	0.1800556	1.693013
9432	-30.87383	-50.63438	19.76055	1.642815	0.08835421	1.093122
9438	-26.74491	-47.43727	20.69236	0.2159429	0.1196344	1.398459
9444	-27.43186	-48.26878	20.83691	0.4735613	0.1857359	0.8074899
9450	-26.16412	-46.52927	20.36515	0.2536472	0.06936887	1.770417
9456	-32.46221	-51.89151	19.4293	0.6641175	0.08925021	2.063873
9462	-29.42831	-50.6287	21.20039	0.2713717	0.0849246	1.043273
9468	-29.78214	-49.28956	19.50743	0.5373031	0.7488022	1.043273
9474	-29.89734	-48.60842	18.71108	1.831993	0.6358236	0.5235791
9480	-32.72307	-50.39859	17.67552	0.5733177	0.5891283	2.482273
9486	-35.98208	-56.15097	20.16889	0.2018132	0.07005708	1.938051
9492	-34.86397	-54.22683	19.36286	0.6878211	0.07005708	2.149944
9498	-37.31857	-54.52386	17.20529	2.034776	1.161172	1.364176
9504	-29.88067	-49.24228	19.3616	1.70236	0.2439581	0.2395432
9510	-27.52029	-46.43317	18.91288	0.04345486	0.7381106	1.891679
9516	-25.39521	-45.24565	19.85044	0.1516488	0.01528991	2.323501
9522	-28.40599	-48.57478	20.16879	0.5041388	0.3186987	1.111436
9528	-29.53393	-48.23632	18.70238	1.547722	0.6570306	0.2185037
9534	-27.59853	-47.00991	19.41138	1.393779	0.4529689	0.6211273
9540	-32.34638	-48.89362	16.54724	1.58177	4.350746	0.9385286
9546	-29.06097	-48.81867	19.7577	1.205122	0.01494147	1.680625
9552	-29.63665	-49.32348	19.68683	0.4930078	0.2900607	1.56083
9558	-31.20889	-48.7883	17.57941	0.07410287	0.2398126	3.254888
9564	-26.13206	-45.94614	19.81408	0.2708114	0.4103023	1.441149
9570	-25.28128	-45.98295	20.70167	0.416924	0.05972618	1.441149
9576	-25.07946	-45.20528	20.12582	0.1340318	0.2788678	1.52158
9582	-26.79028	-46.48093	19.69065	0.7310239	0.05498798	1.953478
9588	-31.29919	-49.6004	18.30121	1.068011	0.5676041	1.768673
9594	-33.41068	-50.37444	16.96376	0.04342088	1.524546	2.670656
9600	-28.64083	-49.93931	21.29848	0.08386705	0.09168044	1.098918
9606	-28.209	-48.23916	20.03016	0.1710481	0.2111545	1.694584
9612	-32.11104	-50.72015	18.60911	1.099236	1.46612	0.564566
9618	-28.06152	-46.53583	18.47431	0.4893326	0.121657	2.694822
9624	-29.62995	-50.17709	20.54714	0.07154401	0.07229572	1.760752
9630	-30.73468	-49.00347	18.26878	0.4622575	0.5081716	2.256194
9636	-32.85845	-50.62072	17.76227	1.709631	1.628907	0.7964896
9642	-37.67796	-56.42415	18.74619	1.979172	0.4472839	0.7798787
9648	-31.25168	-51.07652	19.82484	0.3525873	0.04350189	2.15299
9654	-27.10334	-48.13991	21.03657	0.6267269	0.09496573	0.7796744
9660	-27.14364	-45.5454	18.40175	2.350749	0.3315852	0.2000981
9666	-29.1947	-48.54807	19.35337	2.350749	0.09742044	0.3421247
9672	-31.14796	-50.17235	19.02439	1.334932	0.5105142	1.064606
9678	-30.14909	-49.92909	19.77999	1.410437	0.2564533	0.6862185
9684	-33.24109	-51.15424	17.91315	1.9156	1.23612	0.7121181
9690	-34.11628	-51.92823	17.81196	1.768921	1.502939	0.7695386
9696	-32.98218	-49.85119	16.86901	0.7468175	1.781454	2.176417
9702	-30.59889	-48.08717	17.48829	0.4182373	1.17684	2.281023
9708	-27.34915	-48.63648	21.28733	0.07254523	0.1630314	0.8380661
9714	-32.74264	-51.47027	18.72763	0.08222813	0.9929838	1.796579
9720	-33.30405	-53.35397	20.04992	0.1108429	0.8158756	0.8316544
9726	-30.99667	-49.78517	18.7885	1.251179	0.8158756	0.9682143
9732	-35.50223	-55.33707	19.83484	1.726051	0.1506126	0.5243504
9738	-44.23707	-60.05302	15.81596	2.049162	0.3661997	2.953136
9744	-40.97558	-59.94331	18.96772	2.555211	0.1502358	0.3709779
9750	-36.7832	-56.54654	19.76334	0.9040083	0.2155766	1.33644
9756	-39.68504	-57.72432	18.03928	3.312909	0.2155766	0.452189
9762	-47.36716	-53.92775	6.56059	2.589823	42.8305	4.297979
9768	-47.29522	-53.87635	6.581134	2.569279	42.8305	4.297979
9774	-37.11288	-53.11733	16.00445	0.3757635	0.08446457	4.297979
9780	-37.93703	-56.35992	18.42289	0.4302162	0.06812899	2.903619
9786	-34.0634	-52.91039	18.84699	2.414582	0.1977796	0.2750949
9792	-36.38349	-55.80916	19.42567	0.6442752	0.4648454	1.37602
9798	-31.92519	-51.97824	20.05306	1.008008	0.2918569	0.7548691
9804	-42.52024	-53.89452	11.37428	1.789257	16.52765	2.973943
9810	-37.59355	-51.85494	14.26139	1.292371	3.367203	2.973943
9816	-29.29502	-49.79256	20.49754	0.52915	0.2382325	0.9598616
9822	-35.2074	-51.64067	16.43327	1.034472	3.042853	1.84311
9828	-29.16543	-49.74656	20.58113	0.5013146	0.150946	1.159993
9834	-29.61676	-48.85251	19.23574	1.806462	0.3380554	0.425752
9840	-26.26302	-46.19273	19.92971	1.074816	0.3592836	0.5521022
9846	-24.58173	-45.0202	20.43847	1.401459	0.02435344	0.9591595
9852	-25.81039	-45.23081	19.42042	1.663476	0.2891292	0.3243752
9858	-27.40328	-46.60883	19.20555	1.68155	0.4196783	0.4572448
9864	-28.01382	-46.93182	18.91801	2.109381	0.2556131	0.9098803
9870	-28.68689	-47.55582	18.86894	2.452715	0.06025136	0.1280906
9876	-32.66245	-46.57206	13.90961	4.255912	0.2508685	0.008468201
9882	-34.41621	-48.19841	13.7822	4.255912	0.783332	0.01885426
9888	-37.47377	-48.3393	10.86553	4.255912	17.51635	0.0698731
9894	-39.25233	-49.71304	10.46072	4.255912	37.34686	0.278749
9900	-41.36319	-56.78897	15.42579	3.244713	3.427303	0.6203278
9906	-43.09418	-56.19287	13.09869	4.477078	7.192213	0.3242561
9912	-36.3511	-55.10159	18.75048	2.115352	0.1873847	1.242869
9918	-42.45435	-57.45054	14.99618	2.115352	0.2714604	3.524911
9924	-28.56474	-48.87836	20.31363	0.1094367	0.07670594	1.881288
9930	-30.1627	-50.546	20.3833	0.3273804	0.3414108	1.029295
9936	-28.51783	-49.05178	20.53395	0.3769043	0.3414108	0.8084543
9942	-33.14539	-52.38231	19.23693	2.042182	0.1767821	0.8807505
9948	-32.47723	-51.05056	18.57333	2.042182	0.4849666	0.8380696
9954	-25.15588	-46.1479	20.99201	1.060683	0.03305352	0.6087031
9960	-28.30128	-48.01185	19.71058	0.9943699	0.5149132	0.6087031
9966	-26.92867	-48.09674	21.16807	0.07275453	0.05480029	1.365225
9972	-32.15984	-50.26006	18.10022	0.7611448	1.117887	1.676101
9978	-25.27765	-46.16933	20.89168	0.5774989	0.1429826	0.7863462
9984	-32.1725	-49.20134	17.02884	0.5774989	0.2202208	3.314496
9990	-35.99945	-53.54165	17.5422	1.269514	1.390872	1.5449
9996	-34.9045	-54.75172	19.84722	0.5604126	0.03794787	2.019484
10002	-35.971	-54.53766	18.56666	0.6899344	0.2434126	2.267888
10008	-27.07542	-47.22153	20.14611	1.163886	0.1171467	1.06748
10014	-28.46667	-48.59062	20.12395	0.8836379	0.1854407	1.125355
10020	-40.41141	-59.4798	19.06838	1.328416	0.1854407	1.609735
10026	-33.12999	-51.65157	18.52158	1.321686	0.4984242	1.505985
10032	-25.55148	-45.45069	19.89921	0.5581903	0.212197	1.505985
10038	-31.71468	-50.97134	19.25666	1.745974	0.2487033	0.2189073
10044	-29.04364	-48.74819	19.70455	1.018113	0.2963916	1.112734
10050	-33.47662	-50.58545	17.10882	0.2011169	0.5611385	3.080681
10056	-36.21972	-53.81995	17.60023	2.569467	0.8027314	0.8396797
10062	-30.20356	-50.02242	19.81886	1.480883	0.2358337	0.5221993
10068	-33.85207	-51.69006	17.83799	1.276445	0.1060896	2.640468
10074	-38.12975	-56.2096	18.07985	1.112793	0.2546915	2.289924
10080	-34.40344	-54.34743	19.94399	0.3303441	0.602076	1.010893
10086	-31.06354	-50.05241	18.98888	1.574961	0.602076	0.6285744
10092	-34.84964	-53.29613	18.44649	1.337387	1.348699	0.4007965
10098	-30.57566	-50.04775	19.47209	2.558229	0.008217341	0.5583638
10104	-32.97658	-50.82957	17.85299	1.807102	1.070591	1.078298
10110	-26.72538	-46.73402	20.00864	1.02357	0.04932862	1.545155
10116	-23.62767	-43.2613	19.63363	0.9516626	0.04227629	1.885865
10122	-30.1453	-50.67004	20.52475	0.1894055	0.1946484	1.348264
10128	-30.87327	-49.52136	18.64808	0.933643	0.3445536	1.895801
10134	-29.81036	-49.12795	19.31759	0.4260878	0.1244532	2.197351
10140	-36.59682	-53.94139	17.34457	1.617333	0.1244532	2.689243
10146	-28.95267	-49.45545	20.50278	0.4842151	0.02980509	1.645863
10152	-28.92581	-49.02793	20.10212	0.2353235	0.0400472	2.059243
10158	-30.04806	-50.57256	20.5245	0.2456416	0.1940065	1.304899
10164	-27.66876	-47.29998	19.63122	0.588345	0.1140064	1.909802
10170	-39.69253	-59.53796	19.84543	1.640411	0.1719462	0.4554385
10176	-39.0194	-57.28604	18.26664	1.368444	0.6485765	1.492506
10182	-32.66165	-47.21751	14.55586	2.929586	7.852303	0.6546996
10188	-28.77761	-45.51179	16.73418	2.649235	1.781142	0.2971848
10194	-33.36578	-51.19252	17.82674	2.649235	0.2475235	1.417941
10200	-30.10487	-49.14307	19.0382	0.2310036	1.185624	1.323722
10206	-25.5002	-45.28781	19.7876	0.7037464	0.269963	1.361074
10212	-26.57848	-46.52407	19.9456	0.5457552	0.269963	1.361074
10218	-24.49184	-44.52968	20.03784	0.4823918	0.258527	1.361074
10224	-23.6047	-43.42568	19.82098	0.3112335	0.396132	1.425671
10230	-26.68509	-46.79088	20.10579	0.5675581	0.1605543	1.464631
10236	-33.82982	-51.28119	17.45137	2.636322	0.1305096	1.955525
10242	-35.23302	-51.80489	16.57187	1.816315	2.629775	1.300415
10248	-36.49154	-54.33871	17.84717	1.289001	1.268923	1.372734
10254	-32.49694	-51.93181	19.43487	1.922061	0.201678	0.3706341
10260	-34.56284	-55.43484	20.872	0.8075215	0.0861188	0.8104216
10266	-44.73816	-59.69872	14.96056	0.9145932	0.1017697	4.540129
10272	-39.88505	-59.80733	19.92228	0.2671779	0.1533905	1.830259
10278	-41.59475	-61.47025	19.8755	0.03003847	0.1607226	2.00536
10284	-58.82381	-68.16548	9.341667	9.822958	1.350133	1.297043
10290	-52.18817	-64.32656	12.13839	4.973086	8.778578	0.9341654
10296	-47.41057	-64.89215	17.48158	2.010899	1.732407	0.6490709
10302	-42.10142	-60.09457	17.99315	2.010899	1.060058	0.6830674
10308	-36.95333	-55.79353	18.8402	1.109375	1.060058	0.7705697
10314	-40.56561	-57.08686	16.52125	4.757586	0.1861707	0.8458255
10320	-41.50015	-54.98027	13.48012	4.017891	5.677418	1.183616
10326	-37.26073	-56.65316	19.39243	0.9797477	0.09656675	1.85522
10332	-30.12633	-50.12113	19.9948	1.978188	0.008727986	0.7198816
10338	-27.87569	-47.55266	19.67697	0.02802662	0.0905842	2.311874
10344	-25.26037	-45.56303	20.30266	1.079039	0.03104294	1.34499
10350	-27.52467	-48.10183	20.57717	0.121316	0.07170673	1.706649
10356	-26.48444	-46.82009	20.33565	1.06144	0.1977731	0.4259463
10362	-24.82928	-45.7752	20.94592	0.3882944	0.01349887	1.400554
10368	-23.62256	-44.83015	21.20759	0.2967827	0.058992	1.127243
10374	-21.43982	-42.2053	20.76548	0.7432538	0.008660755	1.211588
10380	-20.27241	-41.19646	20.92405	0.6080197	0.009934793	1.211588
10386	-25.60731	-45.43181	19.8245	0.3374659	0.07909182	2.048993
10392	-26.90325	-47.81802	20.91477	0.04632256	0.2153609	1.086222
10398	-28.3829	-48.27297	19.89007	0.4273141	0.3280778	1.390979
10404	-25.38015	-46.31809	20.93795	0.3926007	0.01785634	1.412366
10410	-27.39745	-47.75702	20.35957	0.1476474	0.03465182	1.963359
10416	-28.62303	-48.48965	19.86662	0.7134046	0.2574205	1.315608
10422	-24.66742	-46.09534	21.42792	0.2281625	0.0719433	0.9163275
10428	-25.79415	-46.75516	20.96101	0.9849969	0.05885937	0.4830243
10434	-26.05686	-46.36163	20.30477	0.167967	0.3464744	1.233264
10440	-23.87279	-44.598	20.72521	0.3862917	0.1200138	1.233264
10446	-24.96009	-45.32081	20.36072	0.7507769	0.1200138	1.233264
10452	-32.5655	-51.69369	19.1282	1.72193	0.3391805	0.8883123
10458	-32.69228	-51.34728	18.65501	1.659093	0.802042	0.4125383
10464	-29.86764	-49.47184	19.6042	0.981239	0.01733545	1.944692
10470	-30.74798	-50.91199	20.16401	0.981239	0.1470934	1.116069
10476	-26.00402	-46.78045	20.77643	0.981239	0.02027282	1.049926
10482	-27.71234	-48.83293	21.12059	0.981239	0.01306902	0.521226
10488	-26.71136	-46.78709	20.07573	0.7059849	0.1698483	1.356706
10494	-25.18186	-46.09972	20.91786	0.2873855	0.06416994	1.356706
10500	-37.04642	-56.66544	19.61902	1.024322	0.4308255	0.9164774
10506	-32.40786	-50.85421	18.44636	2.081443	0.3388817	1.2003
10512	-27.25149	-47.38554	20.13405	0.7897574	0.0176535	1.711844
10518	-28.32908	-48.53905	20.20996	1.332072	0.144223	0.6604824
10524	-31.63158	-49.0272	17.39561	2.310188	1.424352	0.6587955
10530	-33.27389	-52.39134	19.11745	1.595863	0.252374	1.21619
10536	-29.88047	-50.9035	21.02303	0.3134962	0.06224916	1.258001
10542	-31.5036	-49.57613	18.07253	0.8348891	0.3986686	2.267667
10548	-35.82129	-54.32479	18.5035	0.8234318	0.2179288	2.267667
10554	-25.34601	-45.31535	19.96934	2.069725	0.03221245	0.3744703
10560	-26.7318	-47.22406	20.49225	0.6563361	0.121206	1.197801
10566	-31.16774	-49.79274	18.625	0.9785202	0.4116961	1.788478
10572	-25.87881	-46.724	20.8452	1.126098	0.0213805	0.8166019
10578	-28.5403	-48.48959	19.94929	0.5943048	0.06514879	1.836564
10584	-28.217	-48.66013	20.44313	0.8943898	0.02731106	1.3915
10590	-25.22796	-46.79668	21.56872	0.2528562	0.04504142	0.879387
10596	-23.19326	-44.84594	21.65268	0.1516177	0.01178547	0.9813163
10602	-27.31617	-46.3604	19.04423	0.2579129	0.1501718	2.418964
10608	-26.89394	-45.98585	19.09191	0.6311948	0.3131846	1.84634
10614	-24.98784	-45.15605	20.16821	1.187983	0.007085167	1.302851
10620	-22.88785	-43.31409	20.42624	1.382791	0.08786006	0.4830063
10626	-27.99583	-48.73356	20.73773	0.6462375	0.05534273	1.247018
10632	-34.09667	-53.98324	19.88657	1.623062	0.01149004	1.247018
10638	-32.99188	-53.08581	20.09393	1.335244	0.02968324	1.311461
10644	-25.63012	-46.57461	20.94449	0.2461187	0.07913717	1.311461
10650	-29.19966	-47.99984	18.80018	0.4947527	0.07913717	2.601839
10656	-31.40641	-50.66902	19.26261	0.03232158	0.07913717	2.601839
10662	-32.63825	-53.48338	20.84513	0.4901762	0.1144196	1.053807
10668	-32.7371	-51.97069	19.23359	0.930925	0.2914904	1.569594
10674	-30.91982	-49.82549	18.90567	0.823337	0.1408713	2.167122
10680	-28.78704	-47.49928	18.71224	0.5120905	0.3209255	2.167122
10686	-31.90913	-49.58182	17.67269	0.5228652	0.3566992	2.76476
10692	-32.56937	-50.24951	17.68014	0.7970039	0.3857688	2.555067
10698	-29.59707	-49.95023	20.35316	0.7970039	0.03379936	1.513819
10704	-28.26421	-48.82802	20.56381	1.261654	0.03702425	0.9192594
10710	-27.23117	-47.69996	20.46879	0.6509913	0.08884024	1.333042
10716	-29.06821	-46.49176	17.42355	0.9765121	1.173287	1.959983
10722	-29.67796	-48.80346	19.1255	1.695605	0.3897019	0.7962662
10728	-31.82579	-48.35885	16.53307	2.241028	3.22576	0.5107496
10734	-33.03684	-50.61501	17.57816	2.241028	1.275807	0.6688739
10740	-29.87847	-49.02474	19.14627	0.2743512	0.224698	2.195014
10746	-28.37295	-48.52849	20.15554	1.145631	0.224698	0.6330111
10752	-33.59322	-53.4814	19.88818	1.850488	0.02770878	1.048846
10758	-36.08763	-56.49102	20.40338	0.7487328	0.0314344	1.520161
10764	-25.16673	-46.31683	21.1501	0.003806277	0.1365293	1.142502
10770	-27.89741	-47.58789	19.69049	0.1270152	0.6611703	1.33809
10776	-24.04759	-44.97284	20.92525	0.1027473	0.07842277	1.441794
10782	-28.91138	-48.0895	19.17812	1.578298	0.3769342	0.9056125
10788	-30.00814	-48.06908	18.06094	0.55456	0.5821634	2.256389
10794	-23.93054	-43.55552	19.62498	0.5819396	0.008020665	2.139183
10800	-26.72426	-47.80499	21.08073	0.9679725	0.01318159	0.6841231
10806	-23.91678	-44.6337	20.71692	0.8640801	0.03754878	1.153917
10812	-30.82476	-50.29681	19.47205	0.4009799	1.022668	0.9103019
10818	-32.56528	-51.57411	19.00883	0.7575343	0.0412564	2.423194
10824	-27.72046	-45.78481	18.06435	2.065614	0.8770634	0.2961748
10830	-29.03094	-47.72955	18.69861	2.215599	0.2684472	0.9947882
10836	-23.38511	-44.27806	20.89295	1.058311	0.01307133	0.8278265
10842	-31.3404	-50.41385	19.07345	1.689456	0.4922581	0.4985697
10848	-31.79442	-48.67872	16.8843	2.759397	1.041636	0.16659
10854	-30.91511	-50.14801	19.2329	1.64093	0.3326887	0.2504442
10860	-30.49624	-48.12321	17.62696	1.64093	2.087014	0.6666741
10866	-28.06203	-46.55847	18.49644	1.414481	1.222109	0.4857521
10872	-33.5233	-53.05386	19.53057	0.3519041	0.2880299	1.776711
10878	-33.21798	-53.60291	20.38493	0.1483077	0.2880299	1.292068
10884	-33.58379	-54.4433	20.85951	0.6472374	0.01275931	1.258444
10890	-27.65578	-48.56856	20.91278	0.8463971	0.08506303	0.6990733
10896	-27.51491	-47.75061	20.2357	0.7188649	0.08313986	1.48114
10902	-25.96988	-47.59043	21.62055	0.1974703	0.0267058	0.9739546
10908	-30.14131	-51.03828	20.89696	1.137151	0.01986753	0.3238708
10914	-32.08574	-52.87884	20.79311	1.137151	0.005982871	0.6331702
10920	-30.10294	-48.30026	18.19732	0.4667823	0.1350201	2.84665
10926	-24.32147	-44.97472	20.65324	0.7167179	0.03100602	1.354439
10932	-22.82494	-42.98879	20.16385	0.7039332	0.1969808	1.216498
10938	-22.32486	-43.13588	20.81102	0.512823	0.04092084	1.354422
10944	-25.07669	-46.05287	20.97618	0.4578343	0.09699395	1.028371
10950	-21.77815	-43.06427	21.28611	0.09319365	0.008053633	1.307112
10956	-27.70834	-47.02587	19.31754	0.8359925	0.02439139	2.222461
10962	-22.07321	-42.97773	20.90451	0.4236586	0.02439139	1.406318
10968	-25.90203	-46.46231	20.56028	0.05607621	0.04720377	1.847867
10974	-26.79214	-47.43473	20.64259	0.06620278	0.01232649	1.847867
10980	-28.25126	-49.30929	21.05803	0.8556345	0.03214311	0.8431205
10986	-26.88632	-46.47632	19.59001	0.4360109	0.02473883	2.303634
10992	-30.3727	-48.5616	18.1889	1.002897	0.6789738	1.782322
10998	-29.17573	-49.26221	20.08648	1.354052	0.07236375	1.126237
11004	-25.81714	-46.50051	20.68337	0.597809	0.1084322	1.126237
11010	-28.02116	-46.96293	18.94177	0.7082631	0.1084322	2.298495
11016	-26.15378	-46.40059	20.24681	1.4581	0.02127225	1.097882
11022	-28.53946	-49.13846	20.599	0.2878934	0.0951537	1.491952
11028	-24.82734	-45.88915	21.06181	0.14831	0.02623803	1.491952
11034	-22.08582	-42.57171	20.48589	0.2521197	0.08830484	1.623764
11040	-26.46911	-46.60916	20.14006	0.676764	0.1064804	1.508573
11046	-31.46617	-48.68941	17.22323	0.8197025	1.392195	2.076681
11052	-26.33408	-46.53931	20.20523	1.21848	0.08113885	1.104372
11058	-28.29997	-48.84458	20.54461	0.7138168	0.1582744	0.9698518
11064	-34.69787	-53.03566	18.33778	3.230252	0.1380656	0.6526611
11070	-28.82438	-48.28674	19.46236	0.4707564	0.3799479	1.59828
11076	-28.80898	-48.60992	19.80095	1.171258	0.3438663	0.7107701
11082	-26.67136	-47.02313	20.35178	1.248643	0.1396984	0.4838312
11088	-25.90793	-46.68383	20.77589	0.634187	0.06256279	1.194601
11094	-27.83732	-47.95637	20.11905	1.424232	0.06748052	1.052876
11100	-28.38597	-49.01522	20.62925	1.424232	0.009558981	0.4306586
11106	-33.2453	-52.01207	18.76677	2.100929	0.4230769	0.597813
11112	-31.59224	-48.42768	16.83544	2.100929	2.535271	0.8158697
11118	-27.78755	-47.09807	19.31052	0.419059	0.1687132	2.104034
11124	-31.37384	-50.45886	19.08502	2.414349	0.1687132	0.475129
11130	-36.12525	-52.83263	16.70738	4.292915	0.234002	0.9985314
11136	-35.56695	-52.28173	16.71478	1.975488	3.00442	0.8571777
11142	-33.24963	-49.49768	16.24804	1.643662	5.787089	0.7343638
11148	-29.32657	-48.81093	19.48436	1.530912	0.3112717	0.3096192
11154	-31.7442	-50.64552	18.90132	1.108063	0.989185	0.7843019
11160	-33.64376	-53.2783	19.63454	1.361404	0.3488848	0.6451156
11166	-30.73421	-49.87891	19.1447	1.091786	0.07084861	2.02528
11172	-30.54785	-49.92836	19.3805	1.592164	0.2262861	1.046334
11178	-36.71058	-51.46376	14.75318	0.7575154	1.043333	3.795251
11184	-34.63446	-54.79083	20.15637	0.1246033	0.492754	1.162345
11190	-33.96422	-52.23401	18.26979	0.6031499	0.3474497	2.35572
11196	-37.51904	-54.16423	16.64519	0.3243206	2.409754	2.361916
11202	-32.28234	-51.58529	19.30295	0.7928215	0.2577583	1.679356
11208	-36.79536	-53.64464	16.84928	1.383803	4.474451	0.7651495
11214	-35.57047	-51.20563	15.63517	1.10591	5.200737	1.846973
11220	-30.9249	-50.73873	19.81383	0.1739633	0.09677482	2.11171
11226	-32.80292	-50.14832	17.3454	1.253298	0.7604044	2.11171
11232	-29.45955	-49.06319	19.60364	2.506872	0.01888594	0.4458721
11238	-25.2466	-45.44332	20.19672	1.237413	0.1875622	0.4458721
11244	-25.11284	-45.34207	20.22923	1.148499	0.197315	0.6395023
11250	-27.01358	-47.16645	20.15287	1.012761	0.2299672	0.8273649
11256	-32.94456	-51.83825	18.89369	1.094801	0.928702	0.8881148
11262	-27.14406	-48.13313	20.98906	1.056314	0.03865721	0.5307848
11268	-23.78508	-44.8489	21.06382	0.1953408	0.2169491	0.7491858
11274	-22.64117	-43.49853	20.85737	0.7285712	0.1391999	0.5974338
11280	-23.77139	-43.09095	19.31957	0.1585839	0.5181377	1.746522
11286	-25.08073	-46.14	21.05927	0.683626	0.04160644	0.9828976
11292	-25.93527	-45.67614	19.74086	1.046167	0.3277401	0.9828976
11298	-25.32581	-45.07513	19.74932	1.261118	0.3277401	0.705141
11304	-24.89171	-44.71852	19.82681	0.5028993	0.2448611	1.533889
11310	-27.63214	-47.60969	19.97755	0.4404749	0.4961763	1.031025
11316	-31.1475	-50.81672	19.66923	0.6942872	0.6261911	0.8793701
11322	-32.15168	-50.67101	18.51933	1.217769	0.6261911	1.438734
11328	-25.55891	-45.86541	20.3065	0.4096113	0.1579583	1.438734
11334	-26.58455	-46.1054	19.52085	1.343814	0.4154382	0.6425142
11340	-31.75771	-50.54976	18.79205	1.549624	0.7906408	0.4605301
11346	-35.96023	-53.4166	17.45638	1.798287	2.168637	0.4228799
11352	-29.82038	-49.4546	19.63422	2.191873	0.02025382	0.2092484
11358	-28.75188	-48.78372	20.03184	0.4665923	0.05683404	1.895403
11364	-29.65038	-49.99694	20.34655	0.1660027	0.06900138	1.845074
11370	-33.5343	-52.70497	19.17067	0.3046093	0.2194174	2.169184
11376	-31.8403	-51.09208	19.25179	0.1086626	0.2623086	2.169184
11382	-26.81103	-47.03551	20.22448	0.06657001	0.1747334	1.709733
11388	-27.87856	-48.3237	20.44513	0.002333567	0.1145079	1.751614
11394	-44.20572	-62.66724	18.46152	2.135145	0.05248213	1.843201
11400	-35.0061	-52.50419	17.49808	1.037185	1.224949	1.837628
11406	-32.13901	-51.18989	19.05088	1.521445	0.5848835	0.3645962
11412	-30.7219	-49.55923	18.83733	1.521445	0.7076497	0.741655
11418	-27.78807	-45.7101	17.92204	0.8838318	0.6611426	2.059547
11424	-26.79657	-47.2664	20.46984	0.2662586	0.175399	1.378449
11430	-27.17219	-47.62225	20.45006	0.2454059	0.175399	1.41012
11436	-28.55977	-48.67347	20.1137	1.479516	0.1310972	0.6540286
11442	-28.56433	-48.88276	20.31844	1.150035	0.1272779	0.8612174
11448	-31.74812	-49.28731	17.53919	2.036472	1.638064	0.4126068
11454	-31.45314	-50.27215	18.81901	2.036472	0.4375106	0.5376378
11460	-29.7952	-49.34457	19.54937	0.942419	0.5344162	0.8891741
11466	-29.73186	-48.50611	18.77426	1.845941	0.566706	0.6185916
11472	-35.57726	-54.78814	19.21087	1.401423	0.5643162	0.6461384
11478	-36.2611	-54.32659	18.06549	2.134583	0.1929484	1.733573
11484	-32.55085	-51.54527	18.99442	1.028024	0.5579654	1.292606
11490	-42.48591	-59.16132	16.67542	2.686516	1.920894	0.3594204
11496	-35.88085	-55.50474	19.62389	2.144794	0.076832	0.3156612
11502	-33.73694	-53.23662	19.49967	2.144794	0.076832	0.2393032
11508	-28.09066	-47.52077	19.43012	2.144794	0.09076385	0.236422
11514	-32.51979	-50.67894	18.15915	2.417754	0.09076385	0.06141107
11520	-34.19028	-49.2451	15.05482	3.074256	4.91262	0.3263563
11526	-30.09426	-49.07193	18.97768	1.771332	0.02807574	1.818009
11532	-32.38479	-51.20879	18.824	1.650712	0.6313769	0.7204867
11538	-29.47521	-49.65517	20.17996	1.100963	0.2157487	0.7204867
11544	-27.03656	-47.5543	20.51774	0.1115006	0.2547431	1.281193
11550	-27.80488	-47.07864	19.27375	0.2412921	0.192084	2.195527
11556	-32.25196	-49.27809	17.02613	0.09095996	0.192084	3.648446
11562	-30.21055	-50.48749	20.27695	0.6855844	0.192084	1.147262
11568	-33.11345	-53.15719	20.04374	0.1726277	0.09122027	1.976393
11574	-32.04557	-50.11714	18.07157	0.6828812	0.7833045	1.990373
11580	-29.3329	-49.5929	20.26	0.04955071	0.06655961	1.990373
11586	-33.88687	-54.90906	21.02219	0.2683422	0.02490353	1.434174
11592	-32.00972	-51.24439	19.23467	0.8960175	0.5014335	1.277527
11598	-29.10967	-49.2764	20.16673	0.8960175	0.2007786	1.030223
11604	-24.4983	-44.34173	19.84343	0.2362481	0.2007786	1.801056
11610	-26.94435	-47.46304	20.5187	0.2645433	0.02532149	1.801056
11616	-28.57135	-48.04152	19.47017	0.7666293	0.3082033	1.486912
11622	-32.20152	-50.31853	18.11701	0.06321742	0.4590311	2.654484
11628	-28.56281	-49.31007	20.74727	0.4247587	0.1205872	1.17966
11634	-34.16519	-51.77044	17.60525	0.1407864	0.1252824	3.415047
11640	-34.7214	-52.39929	17.6779	0.5360323	0.2968934	2.833936
11646	-32.70659	-50.54989	17.8433	1.108251	1.06222	1.648927
11652	-30.53684	-50.37199	19.83515	0.3973599	0.2226337	1.648927
11658	-30.59298	-48.71879	18.12582	0.8400743	1.047291	1.648927
11664	-28.24162	-46.99499	18.75337	1.25807	0.3042098	1.658914
11670	-34.8169	-54.54621	19.72931	1.047404	0.1639793	1.37597
11676	-26.06727	-47.21732	21.15006	0.122152	0.04582004	1.37597
11682	-28.01678	-44.63993	16.62316	0.5399036	0.003098926	3.792774
11688	-29.58547	-48.7243	19.13884	0.9565925	0.1449021	1.914762
11694	-26.16982	-46.00103	19.83121	0.7367472	0.03708483	1.914762
11700	-29.11013	-48.55467	19.44454	0.2543854	0.001195185	1.914762
11706	-28.70654	-48.70021	19.99367	0.8982565	0.01428884	1.729
11712	-31.71946	-51.84878	20.12932	1.332459	0.1452348	0.7854466
11718	-33.0345	-53.20331	20.16881	0.2840811	0.1661592	1.614041
11724	-33.43304	-52.32796	18.89492	0.5299438	1.220448	1.168296
11730	-27.62573	-47.04358	19.41785	0.6335553	0.1217264	2.002278
11736	-34.25382	-51.52423	17.27041	2.193232	0.7138333	1.555612
11742	-27.68573	-48.39213	20.7064	0.05614309	0.1162766	1.519458
11748	-31.20352	-51.14468	19.94116	1.134624	0.04754452	1.519458
11754	-35.84943	-55.84729	19.99786	0.5394133	0.1798394	1.519458
11760	-34.51675	-51.42394	16.90719	1.98992	2.930444	0.5098343
11766	-30.77573	-50.81378	20.03805	1.704008	0.1012895	0.434948
11772	-30.95763	-51.19936	20.24172	0.09095575	0.3914349	1.273626
11778	-32.47149	-51.9679	19.49641	1.147096	0.09467468	1.671502
11784	-29.23345	-49.55904	20.32559	0.07913255	0.1567331	1.671502
11790	-31.05859	-51.86799	20.8094	0.0116758	0.05672304	1.671502
11796	-30.76055	-50.38233	19.62179	1.417108	0.04462045	1.557626
11802	-29.911	-49.53325	19.62225	1.425293	0.007822999	1.557626
11808	-27.29514	-47.71102	20.41587	0.2530508	0.4043088	0.9425174
11814	-28.13735	-48.38302	20.24567	1.014131	0.2179878	0.3164
11820	-28.377	-48.46044	20.08345	0.7674538	0.4178669	0.6622378
11826	-31.39727	-50.45705	19.05978	0.7139213	1.03777	0.9991415
11832	-33.91552	-53.08653	19.171	0.1492185	0.5598554	1.810838
11838	-32.69018	-50.93588	18.2457	0.5788631	0.102332	2.827454
11844	-31.49979	-49.36643	17.86664	0.5605367	0.2182129	2.827454
11850	-28.02365	-46.82872	18.80507	0.5987753	0.2171721	2.219568
11856	-39.87459	-54.62616	14.75157	4.427484	1.021895	1.51107
11862	-34.25115	-52.69982	18.44866	3.024021	0.1013171	0.2132898
11868	-40.05075	-56.26814	16.21739	2.802773	0.4279802	2.159145
11874	-31.23775	-48.42856	17.19081	1.19843	1.170223	1.969061
11880	-28.37859	-47.28364	18.90505	1.045692	0.7646692	1.11275
11886	-28.70112	-48.24654	19.54542	0.1713372	0.7646692	1.312163
11892	-29.15155	-47.88944	18.7379	0.8233485	0.5937953	1.604444
11898	-27.50619	-48.01982	20.51362	1.11434	0.1319467	0.5286316
11904	-27.4074	-48.04303	20.63564	0.6701503	0.1833364	0.8232565
11910	-22.69887	-43.61714	20.91828	0.5141662	0.023015	1.32704
11916	-27.35122	-47.49082	20.1396	0.9411119	0.1995412	1.01627
11922	-25.47914	-45.85929	20.38014	0.03650647	0.1017231	1.809538
11928	-26.60234	-46.56769	19.96535	0.6739575	0.1710189	1.464077
11934	-22.41952	-43.55394	21.13442	0.05245291	0.1200972	1.168397
11940	-21.62924	-42.3159	20.68666	0.9961436	0.03663627	1.065174
11946	-29.18809	-48.3336	19.1455	1.046553	0.6202098	1.065174
11952	-27.67791	-48.44875	20.77083	0.864457	0.005451564	0.9911887
11958	-28.43417	-48.90189	20.46771	1.138616	0.05220534	1.064622
11964	-30.48505	-50.38468	19.89964	1.812815	0.1088366	0.5638224
11970	-35.38833	-51.499	16.11067	2.623199	3.173149	0.344318
11976	-36.29715	-50.81537	14.51822	2.005486	9.847459	1.306183
11982	-37.07317	-55.5372	18.46403	1.287903	1.107192	0.953941
11988	-32.10388	-51.45391	19.35003	0.8211667	0.2983584	1.552775
11994	-30.88742	-50.13594	19.24852	1.83361	0.2983584	0.6963017
12000	-31.94753	-51.54049	19.59296	1.493902	0.1012522	1.316305
12006	-27.56675	-47.62692	20.06016	1.449773	0.1213111	0.8387698
12012	-33.71584	-53.09708	19.38125	1.073437	0.322178	1.291911
12018	-25.64725	-46.29595	20.6487	1.169381	0.08543046	0.4659203
12024	-25.62195	-45.71448	20.09253	1.456972	0.1365621	0.6989417
12030	-39.57316	-49.55783	9.984674	1.051359	9.566234	4.714504
12036	-38.37178	-49.65676	11.28498	0.974822	4.136743	4.714504
12042	-41.04019	-50.62801	9.587824	2.190994	30.88208	3.136763
12048	-36.61492	-51.49633	14.88141	2.690445	7.521877	0.6019366
12054	-31.53524	-51.46481	19.92957	1.301968	0.2556407	0.5974416
12060	-31.56406	-49.90262	18.33856	1.169904	0.08497511	2.452099
12066	-30.46809	-48.58873	18.12064	1.021635	1.434439	1.261563
12072	-33.40811	-51.72583	18.31771	1.969055	0.3022426	1.459489
12078	-29.54741	-49.76045	20.21304	0.7423522	0.2655303	0.9601202
12084	-33.16082	-51.58901	18.42819	1.143699	0.7580476	1.43253
12090	-29.04779	-48.27847	19.23068	0.5486153	0.0909398	2.263327
12096	-28.58297	-47.89197	19.309	0.7534495	0.0909398	2.079366
12102	-27.18265	-47.40576	20.22311	1.263576	0.161809	0.6484893
12108	-30.81331	-48.20857	17.39526	1.946891	1.653525	0.9309186
12114	-33.74387	-49.59507	15.8512	1.37821	0.905859	2.865547
12120	-34.84475	-50.33115	15.48639	0.7516783	1.458082	3.164571
12126	-33.86173	-53.60728	19.74556	1.61565	0.1908676	0.7095029
12132	-30.87725	-50.17582	19.29857	1.61565	0.2949531	0.9277315
12138	-37.04824	-55.08229	18.03405	2.053522	1.028205	0.5275446
12144	-34.92361	-53.54777	18.62416	1.474063	0.5169549	1.28337
12150	-33.20189	-51.83364	18.63175	1.00693	0.4413435	1.725668
12156	-34.63506	-53.6147	18.97964	1.577403	0.4413435	0.9872699
12162	-40.86368	-60.25167	19.38799	1.29976	0.4413435	0.8428253
12168	-44.16977	-61.46788	17.29811	3.5303	0.4413435	0.400606
12174	-38.90852	-58.07639	19.16786	2.107662	0.05023606	1.355884
12180	-35.59794	-54.29991	18.70197	2.04816	0.4972915	0.5483486
12186	-32.30295	-52.26383	19.96088	1.680244	0.1255355	0.4244976
12192	-35.21868	-55.07538	19.8567	1.676646	0.1552221	0.4244976
12198	-37.88999	-56.38166	18.49166	2.225362	0.182825	1.374864
12204	-41.57372	-62.02591	20.45219	0.9369342	0.1981581	0.4087716
12210	-35.77538	-54.85674	19.08136	2.12748	0.1981581	0.8852949
12216	-31.64286	-50.49319	18.85033	1.666518	0.5297588	0.8686608
12222	-31.77639	-52.68635	20.90997	0.53828	0.0617741	1.164842
12228	-48.8521	-62.45524	13.60314	5.061534	3.013374	0.8828099
12234	-36.72915	-52.40839	15.67924	1.832082	5.989186	1.10333
12240	-39.40484	-58.83483	19.42999	2.138232	0.146693	0.5642813
12246	-34.65621	-53.525	18.86879	3.196146	0.00966891	0.4780349
12252	-34.72448	-51.08779	16.36331	0.05094629	1.332934	3.117595
12258	-27.31916	-47.8874	20.56824	0.5924316	0.1235351	1.179574
12264	-32.39868	-52.19645	19.79777	1.139272	0.2474687	1.025437
12270	-25.51746	-46.52149	21.00403	1.00781	0.03239816	0.7015943
12276	-31.87653	-52.49625	20.61973	0.3684695	0.01346516	1.65777
12282	-35.80336	-55.87741	20.07405	0.6278626	0.01376459	1.859013
12288	-46.96549	-63.67277	16.70727	2.05884	1.343699	1.60556
12294	-35.50243	-55.95055	20.44812	0.3783481	0.2139584	1.209157
12300	-33.54226	-51.39179	17.84953	0.3398783	0.6765166	2.44276
12306	-30.72024	-50.49195	19.77171	0.6537671	0.2462625	1.459187
12312	-34.89204	-51.20209	16.31004	2.453909	1.579259	1.476317
12318	-33.12995	-52.13282	19.00287	2.453909	0.04410712	0.1379508
12324	-27.61038	-47.80232	20.19194	0.7909679	0.193455	1.125327
12330	-34.29325	-52.17936	17.88611	0.9348578	0.09809529	2.840544
12336	-30.75292	-49.31802	18.5651	0.8877912	0.07267028	2.522516
12342	-28.94171	-49.42017	20.47846	0.4413619	0.006316965	1.613518
12348	-34.41171	-53.20715	18.79544	1.131229	0.8364988	1.056433
12354	-27.07905	-47.42582	20.34677	1.587918	0.03461517	0.2853369
12360	-31.89749	-52.16596	20.26847	0.07165694	0.2942213	1.433053
12366	-29.95948	-50.4399	20.48042	0.1162854	0.1975798	1.433053
12372	-32.15988	-50.2315	18.07162	0.8293798	0.6291103	2.025839
12378	-27.05421	-47.96244	20.90823	0.3362116	0.04374459	1.405728
12384	-28.53545	-49.24843	20.71298	0.2625882	0.05628588	1.561218
12390	-32.6806	-51.89324	19.21264	1.525655	0.05628588	1.731663
12396	-34.0873	-52.82918	18.74188	0.8424717	0.05628588	2.490297
12402	-34.04232	-52.90963	18.86731	0.7712512	0.04546793	2.490297
12408	-30.56237	-50.67639	20.11402	1.612093	0.04546793	0.9804456
12414	-33.88647	-52.21187	18.32539	1.612093	0.814462	1.070215
12420	-35.92686	-55.02131	19.09445	0.8406833	0.7908414	1.098205
12426	-34.20055	-52.66862	18.46807	0.9036536	0.4512129	1.897878
12432	-32.56111	-52.58789	20.02679	0.7547183	0.358039	0.9204923
12438	-30.22626	-51.13652	20.91026	0.4440527	0.0446338	1.315354
12444	-28.67537	-47.35731	18.68193	0.07300275	0.08380137	2.918599
12450	-27.72319	-48.19031	20.46711	0.1241558	0.06409553	1.807248
12456	-22.78116	-44.24574	21.46457	0.3141653	0.02775616	1.009705
12462	-22.16215	-43.62985	21.4677	0.08192731	0.02948855	1.212327
12468	-22.92041	-42.92451	20.0041	0.05913389	0.09073448	2.079445
12474	-21.29227	-42.04041	20.74814	0.008470524	0.09239301	1.597181
12480	-32.28754	-52.2904	20.00286	0.1753181	0.1593287	1.824008
12486	-33.8349	-52.15819	18.32329	2.958227	0.1591209	0.9426334
12492	-32.07848	-51.2484	19.16992	2.124673	0.02472807	0.09979332
12498	-31.65707	-50.35788	18.70081	0.6048438	1.73542	0.9109878
12504	-26.62474	-47.48307	20.85832	0.5530553	0.03821802	1.294672
12510	-29.33122	-48.71321	19.38199	0.8869712	0.253264	1.562494
12516	-33.59789	-53.77511	20.17722	1.339315	0.0516868	1.148924
12522	-32.16109	-52.66245	20.50135	1.292141	0.01285515	1.000934
12528	-31.42135	-51.89647	20.47512	0.8526541	0.03655338	1.367982
12534	-30.14919	-47.9898	17.84061	1.463917	0.7515792	1.636868
12540	-31.16842	-51.36942	20.201	0.1468839	0.2474785	1.515226
12546	-25.80912	-45.82502	20.01591	0.5327379	0.2474785	1.361273
12552	-27.2313	-47.72856	20.49726	0.5342984	0.1981839	1.067449
12558	-34.39786	-52.1726	17.77474	0.9921467	0.04577631	3.022146
12564	-34.23607	-54.31569	20.07962	0.3305182	0.07102185	1.90829
12570	-29.23634	-49.20314	19.9668	0.2417419	0.1173337	1.90829
12576	-25.5854	-46.53879	20.95339	0.9660886	0.04154717	0.7776142
12582	-20.94213	-41.65597	20.71385	0.2657404	0.01937481	1.672093
12588	-25.36716	-46.37184	21.00468	0.02173206	0.07224647	1.465095
12594	-28.88825	-48.79348	19.90523	0.1232895	0.08095328	2.131065
12600	-23.82818	-43.88701	20.05883	0.357624	0.06818048	1.913237
12606	-23.74058	-44.57275	20.83216	0.03347768	0.01822827	1.752844
12612	-27.61276	-46.472	18.85923	0.06341164	0.05449312	2.90215
12618	-26.62417	-46.78375	20.15959	0.6045814	0.06470956	1.683978
12624	-28.54429	-48.68983	20.14554	0.2705346	0.2415216	1.475863
12630	-32.42671	-51.84451	19.4178	1.651355	0.02493981	1.599297
12636	-27.97093	-48.45875	20.48782	0.2917731	0.3248364	0.9968849
12642	-28.45625	-49.53799	21.08173	0.1745481	0.1027993	1.168997
12648	-38.52113	-52.51611	13.99499	2.013653	5.115098	2.344068
12654	-25.46449	-44.46233	18.99784	0.5519121	0.1155485	2.344068
12660	-30.86787	-49.82601	18.95813	0.1047735	0.6300083	1.916517
12666	-30.76904	-50.5965	19.82746	0.4663414	0.6315295	0.9481049
12672	-29.63055	-50.19345	20.56291	0.4618818	0.2431226	0.9481049
12678	-31.86409	-52.71759	20.8535	0.7498139	0.01967745	1.190077
12684	-32.63887	-50.67678	18.03792	0.419576	1.55236	1.713633
12690	-32.97066	-51.70794	18.73727	0.9035672	0.7194689	1.416603
12696	-32.43262	-51.51514	19.08252	1.759619	0.2311009	1.153862
12702	-38.11945	-50.20638	12.08692	2.349792	25.59385	1.662674
12708	-37.89954	-51.08831	13.18877	2.349792	22.82064	0.9174681
12714	-33.69806	-52.89162	19.19356	0.1583529	0.395693	1.980637
12720	-36.60058	-56.01147	19.41089	0.3845478	0.395693	1.675102
12726	-38.11282	-56.6333	18.52049	0.8666654	0.395693	1.957018
12732	-37.64688	-55.95984	18.31295	0.7402318	0.3002633	2.307653
12738	-32.87881	-52.05661	19.1778	0.5890822	0.4812977	1.583702
12744	-31.33619	-49.71031	18.37412	1.181035	0.4677438	1.751554
12750	-31.99678	-52.28873	20.29195	0.9571218	0.246225	0.6172949
12756	-35.90771	-54.68453	18.77681	3.198693	0.04831068	0.6172949
12762	-30.35638	-49.59803	19.24165	1.77701	0.3408656	0.3877324
12768	-34.52095	-53.36434	18.84339	1.419596	0.7405642	0.8170798
12774	-32.85422	-52.43543	19.58121	0.02166324	0.5142635	1.662702
12780	-28.13379	-46.9417	18.8079	0.09993647	0.3990527	2.266922
12786	-29.27704	-49.82785	20.55081	0.0343297	0.3990527	1.037442
12792	-27.2686	-47.37115	20.10255	0.2139729	0.3182255	1.408666
12798	-27.59038	-48.25665	20.66627	0.08731879	0.3182255	1.036956
12804	-30.68703	-50.07148	19.38445	1.014353	0.4874796	1.063341
12810	-28.1439	-47.31858	19.17468	1.28491	0.5496155	0.8987565
12816	-28.67875	-47.92514	19.24639	1.28491	0.5991273	0.3405759
12822	-34.56402	-51.75844	17.19442	1.9962	2.311045	0.5215637
12828	-32.7082	-50.52413	17.81593	2.337213	0.954204	0.4312968
12834	-29.13062	-48.65944	19.52882	2.447528	0.03696629	0.326708
12840	-28.62318	-47.51347	18.89029	0.9081891	0.5017834	1.535216
12846	-28.78471	-47.93513	19.15042	0.8858041	0.5017834	1.353267
12852	-31.59832	-48.02321	16.42489	1.777032	4.894127	0.580631
12858	-28.42887	-48.82444	20.39558	1.087842	0.1707235	0.5765153
12864	-28.26845	-47.1518	18.88335	1.96552	0.4224095	0.6486692
12870	-24.59117	-44.44476	19.85359	1.061589	0.3998355	0.5864637
12876	-24.47218	-45.41604	20.94386	0.2788984	0.1588316	1.004076
12882	-26.99934	-47.40827	20.40893	1.097386	0.1045549	0.9211929
12888	-28.46881	-48.4944	20.02559	0.6546979	0.1045549	1.614885
12894	-36.03836	-55.59632	19.55795	0.6990851	0.1045549	1.910579
12900	-31.73666	-50.42705	18.69039	0.1735846	0.4244366	2.264281
12906	-30.05669	-49.38864	19.33195	0.1647849	1.002861	1.277832
12912	-31.76302	-50.31094	18.54792	0.3995969	1.524981	1.364598
12918	-31.75963	-50.15124	18.39161	1.173286	0.8631207	1.341884
12924	-30.49345	-49.70994	19.21649	1.483493	0.4486833	0.8107009
12930	-31.40209	-50.75659	19.3545	1.483493	0.4486833	0.4926787
12936	-28.95353	-48.94072	19.98719	1.270868	0.2329636	0.6760636
12942	-28.95782	-49.17372	20.2159	1.026125	0.2518965	0.5949978
12948	-32.16998	-50.68508	18.5151	0.3805338	0.4243643	2.244024
12954	-27.75552	-48.08469	20.32917	1.003547	0.05178468	1.303829
12960	-33.19161	-50.71317	17.52156	0.7688726	0.02741328	3.354871
12966	-29.97294	-49.36456	19.39162	0.23339	0.06742636	2.430413
12972	-33.21551	-51.9029	18.68739	0.5867551	0.5007173	1.906585
12978	-29.86173	-50.75948	20.89775	0.9016721	0.05238052	0.8621856
12984	-31.36216	-49.87788	18.51572	0.8714707	1.232097	1.19232
12990	-30.00745	-48.31818	18.31073	1.74255	1.00496	0.6914451
12996	-29.95695	-49.89717	19.94022	1.74255	0.08247873	0.8274081
13002	-24.86522	-44.18742	19.32219	1.92817	0.1112638	0.1599341
13008	-28.26006	-46.32137	18.06131	1.253236	1.947461	0.7280584
13014	-28.10705	-46.78884	18.68179	0.9977057	1.514192	0.5233187
13020	-24.78265	-44.6881	19.90544	0.9977057	0.3360521	0.8330804
13026	-27.10341	-44.98008	17.87667	1.370565	1.378651	1.209562
13032	-27.6836	-48.26686	20.58326	1.260745	0.06110471	0.7454013
13038	-33.91565	-54.16202	20.24637	0.9205024	0.07945094	1.329396
13044	-32.40972	-51.66388	19.25416	2.212885	0.1329681	0.8368823
13050	-33.46408	-49.03103	15.56695	1.792685	1.834606	2.319468
13056	-27.19519	-46.05578	18.86059	0.4873891	0.1303764	2.435346
13062	-24.00724	-44.83868	20.83143	0.1236743	0.3557671	0.696974
13068	-25.97336	-47.05657	21.08321	0.07434779	0.1517058	1.089991
13074	-27.07309	-47.20533	20.13225	0.3221635	0.06399691	1.901279
13080	-24.57013	-45.6898	21.11967	0.3067518	0.07621283	1.122611
13086	-25.41274	-46.59113	21.17839	0.1110948	0.01106831	1.419654
13092	-27.01456	-47.05583	20.04127	0.3950272	0.2445198	1.454459
13098	-25.32779	-46.4235	21.09571	0.1097615	0.03711253	1.460547
13104	-25.75953	-47.2002	21.44067	0.01577135	0.08567052	1.054696
13110	-25.54957	-46.71512	21.16555	0.5850734	0.0215618	1.054696
13116	-31.1047	-51.47607	20.37137	0.5850734	0.0505876	1.596094
13122	-30.06933	-49.78543	19.7161	1.435037	0.04391724	1.476518
13128	-29.18936	-48.81907	19.6297	0.06761355	0.329092	1.839693
13134	-25.52625	-46.7852	21.25895	0.03562043	0.1038535	1.131221
13140	-27.02349	-47.56997	20.54648	0.01851882	0.3848377	1.082788
13146	-26.62159	-47.23614	20.61455	0.001071828	0.222813	1.36126
13152	-28.38256	-48.44388	20.06132	0.01257373	0.3756648	1.500679
13158	-28.46105	-49.21466	20.75361	0.2062548	0.3756648	0.5958585
13164	-27.20403	-48.29548	21.09145	0.5624435	0.03809013	1.085709
13170	-28.39988	-48.98638	20.5865	0.7302637	0.1315294	1.007461
13176	-28.2682	-48.58627	20.31807	0.7692171	0.2003247	1.007461
13182	-29.19402	-49.22963	20.03561	0.1576224	0.2366905	1.64934
13188	-33.95828	-53.51908	19.5608	1.333672	0.04825708	1.64934
13194	-34.84023	-54.00936	19.16913	1.540683	0.523921	0.4748121
13200	-29.64686	-49.58655	19.93969	1.655025	0.06749335	0.2022558
13206	-29.99612	-49.28945	19.29333	1.925618	0.2610151	0.4166505
13212	-25.41337	-46.38903	20.97567	0.8869137	0.05203948	0.2946938
13218	-31.97528	-49.96716	17.99188	1.574263	0.7602624	1.434856
13224	-24.75846	-45.49833	20.73988	0.9276242	0.09002809	0.8033122
13230	-24.02645	-45.23591	21.20945	0.6722903	0.04503318	0.8053494
13236	-27.2273	-47.67465	20.44735	0.7682074	0.217017	0.8097786
13242	-26.66015	-47.83034	21.17018	0.2969787	0.01900161	1.304163
13248	-29.13147	-50.13165	21.00018	0.8292056	0.07790541	0.6217393
13254	-27.6459	-47.3249	19.679	0.7755938	0.03543083	1.996146
13260	-32.83552	-51.77348	18.93796	0.06283709	0.03543083	2.911829
13266	-32.52613	-51.40952	18.88339	0.2607097	0.278091	2.283351
13272	-37.98127	-55.78706	17.80579	2.532354	0.7682043	0.6415307
13278	-37.66004	-54.20535	16.54531	2.361855	2.340663	0.9613185
13284	-40.45188	-56.12384	15.67196	2.075703	3.852165	1.417758
13290	-39.3876	-56.10152	16.71392	2.237706	2.202934	0.9906617
13296	-36.68152	-55.83742	19.1559	2.237706	0.1489392	0.8559532
13302	-34.33756	-53.94275	19.6052	1.110175	0.1310617	1.512053
13308	-34.35031	-52.75802	18.4077	1.032468	0.436942	1.868721
13314	-39.6002	-57.29712	17.69692	1.607237	2.065066	0.6120472
13320	-36.19517	-55.54061	19.34544	1.607237	0.1435185	1.291856
13326	-39.94707	-55.95504	16.00797	1.580899	5.81627	1.07069
13332	-29.89745	-50.24641	20.34897	1.065041	0.08588442	1.093497
13338	-34.7349	-53.18466	18.44975	1.231017	0.1423701	2.194901
13344	-37.11256	-56.90039	19.78783	0.225352	0.1479905	1.962793
13350	-36.18905	-54.05054	17.8615	2.434761	0.004298602	1.962793
13356	-31.63916	-51.98284	20.34368	0.4721095	0.09290783	1.552173
13362	-33.35319	-53.10877	19.75559	0.79678	0.09470659	1.735905
13368	-30.35997	-50.73331	20.37334	1.164004	0.04101547	1.177414
13374	-39.33419	-58.0551	18.72091	1.190921	0.5165518	1.431518
13380	-34.5455	-50.6484	16.1029	0.6422839	0.207005	3.837304
13386	-32.82412	-52.54527	19.72115	0.01981054	0.2304328	1.97379
13392	-33.30746	-51.96039	18.65293	0.1928837	0.2304328	2.549294
13398	-27.51476	-47.97542	20.46066	1.073677	0.03032172	1.222409
13404	-24.34551	-44.20646	19.86095	0.9209362	0.03374178	1.77872
13410	-24.09083	-44.43602	20.34518	1.313272	0.03360348	1.100834
13416	-30.21267	-50.52548	20.31281	0.9580579	0.1165022	1.106085
13422	-30.9749	-50.41894	19.44404	0.9580579	0.2503116	1.46887
13428	-32.83764	-52.49321	19.65557	0.6457669	0.1243504	1.826213
13434	-26.66666	-45.97741	19.31075	1.645071	0.3050333	0.8534687
13440	-35.28386	-53.27115	17.98729	1.154013	1.272908	1.366075
13446	-29.09339	-46.88103	17.78764	0.1754729	0.2046553	3.129907
13452	-33.49286	-49.76239	16.26952	0.4250186	0.2046553	3.870366
13458	-39.0485	-54.96466	15.91616	3.539397	1.5553	0.8807546
13464	-26.1595	-46.38719	20.22769	0.2952379	0.1232608	1.674012
13470	-25.04809	-43.22153	18.17344	0.2108782	0.02577211	3.303012
13476	-22.81645	-43.93689	21.12044	0.1095995	0.03206022	1.459476
13482	-31.12687	-48.78245	17.65559	0.603443	0.2532357	2.871828
13488	-26.37281	-46.34856	19.97575	0.1636115	0.1695558	1.827237
13494	-24.48453	-44.50563	20.0211	0.4938348	0.07395298	1.827237
13500	-26.46703	-47.09818	20.63115	0.1823844	0.03826819	1.741805
13506	-27.92513	-47.63112	19.70599	0.1391728	0.03008275	2.406075
13512	-28.69482	-47.00648	18.31165	0.9309727	0.9080208	1.550772
13518	-30.79616	-50.18832	19.39217	0.6769514	0.08656255	2.087777
13524	-27.65241	-48.10519	20.45278	0.6220957	0.08656255	1.376692
13530	-30.45403	-51.79243	21.3384	0.07017904	0.03115134	1.323125
13536	-31.67697	-52.00645	20.32947	0.1278906	0.05267019	1.937269
13542	-33.96497	-52.74073	18.77576	0.3094166	0.5930587	1.937269
13548	-32.85052	-51.65788	18.80736	0.6946424	0.1962774	2.195717
13554	-33.12982	-54.03593	20.90611	0.3054095	0.197045	0.8860607
13560	-31.64028	-51.79347	20.15319	0.25894	0.3947969	1.201456
13566	-31.5709	-51.11818	19.54729	1.251557	0.3331891	0.9584185
13572	-39.21697	-58.75459	19.53762	1.528946	0.2609624	0.8485462
13578	-32.27665	-51.97093	19.69429	0.2601074	0.06136364	2.239644
13584	-34.02116	-51.30696	17.2858	0.6680609	0.2843866	3.008772
13590	-33.83085	-51.26674	17.43589	1.519073	1.295975	1.494695
13596	-36.50381	-50.5295	14.02569	2.043818	11.6426	1.453279
13602	-30.42236	-50.47505	20.05269	0.539278	0.4634553	0.9088162
13608	-29.29747	-49.20554	19.90806	0.6839022	0.4634553	0.9088162
13614	-27.44272	-49.31817	21.87545	0.01900634	0.02103337	0.9088162
13620	-32.26086	-50.72058	18.45972	0.06664739	0.2820815	2.664557
13626	-35.39683	-53.20829	17.81147	0.8566538	0.1251828	2.866677
13632	-36.91349	-55.38289	18.4694	1.334986	0.4255291	1.628163
13638	-36.24253	-54.53865	18.29612	1.485088	0.4255291	1.644847
13644	-33.51593	-53.27367	19.75774	0.5220081	0.08765633	1.944458
13650	-33.84082	-52.83209	18.99127	1.501959	0.05626765	1.900851
13656	-30.10721	-49.98172	19.87451	1.571637	0.1070275	0.9740571
13662	-28.92808	-49.05852	20.13044	1.571637	0.1070275	0.6211093
13668	-33.94571	-51.8041	17.85839	1.437533	1.302913	1.219714
13674	-33.42547	-52.66866	19.24318	1.709442	0.1423638	1.29528
13680	-38.00112	-54.46532	16.46421	1.174736	0.8421434	2.658517
13686	-34.36398	-53.15158	18.7876	1.394737	0.03457444	2.177809
13692	-30.07427	-50.18807	20.1138	0.08761033	0.01109722	2.177809
13698	-30.44836	-50.71321	20.26486	0.5558381	0.1239021	1.453143
13704	-31.43385	-51.69492	20.26107	0.5537109	0.1577033	1.362681
13710	-32.59585	-50.15479	17.55893	1.362173	0.4141982	2.239847
13716	-25.99198	-46.02789	20.03591	0.8132032	0.0550039	1.657597
13722	-33.37174	-53.06601	19.69427	1.168281	0.4185707	0.3864744
13728	-33.07787	-53.01636	19.9385	1.97752	0.03999879	0.7928361
13734	-31.35792	-51.90399	20.54607	0.01553534	0.09002329	1.743815
13740	-33.86233	-53.51571	19.65338	0.873921	0.01538984	1.981409
13746	-37.82465	-56.20144	18.37679	1.33711	0.2361823	1.981409
13752	-27.09572	-47.6986	20.60288	0.8779326	0.1471728	0.7481875
13758	-29.68642	-49.10823	19.42181	1.146374	0.2228681	1.398341
13764	-27.68868	-48.05947	20.37079	1.146374	0.162965	0.5367706
13770	-32.15214	-50.88144	18.7293	2.20735	0.3052812	0.251161
13776	-29.53382	-49.85472	20.3209	1.776158	0.02231235	0.5917262
13782	-38.67062	-54.41332	15.7427	1.752838	1.443857	2.403688
13788	-30.99442	-50.18848	19.19406	2.614081	0.003882281	0.565827
13794	-27.30358	-47.29456	19.99098	1.015308	0.01830736	1.653287
13800	-29.39984	-50.36332	20.96349	0.4925205	0.06839348	1.129392
13806	-27.47641	-48.37503	20.89862	0.7392983	0.004132723	0.8883672
13812	-30.69209	-49.66407	18.97198	0.6899188	0.1597861	2.167681
13818	-33.31964	-54.75559	21.43595	0.1927371	0.1238558	0.6364351
13824	-43.15287	-62.85082	19.69794	0.0857394	1.347082	0.6182844
13830	-33.91665	-53.29822	19.38157	1.350387	0.1266608	1.512106
13836	-33.82949	-53.69934	19.86985	1.115979	0.1511489	1.242173
13842	-33.78033	-53.68927	19.90893	1.25047	0.2507835	0.7604054
13848	-25.14156	-45.5524	20.41084	1.687781	0.01388739	0.4367325
13854	-27.71368	-48.0774	20.36372	0.6365656	0.2306277	1.007738
13860	-34.19163	-52.92001	18.72838	0.8755057	0.7544359	1.411286
13866	-35.03948	-53.11184	18.07236	2.710355	0.02457444	1.803018
13872	-35.95222	-53.27683	17.32462	2.682084	0.9851281	0.2896729
13878	-34.91242	-55.50326	20.59084	1.132059	0.09069751	0.7179987
13884	-31.9286	-51.65615	19.72755	1.216473	0.234808	1.051342
13890	-43.56046	-51.53707	7.976615	4.2817	102.1624	1.227127
13896	-38.02455	-54.62511	16.60056	4.2817	0.1881303	1.227127
13902	-34.24516	-52.02655	17.78139	0.8793301	0.9487972	1.929399
13908	-31.84313	-50.19911	18.35598	0.3047344	0.9487972	1.929399
13914	-32.35039	-50.45534	18.10496	1.969474	0.1447168	1.929399
13920	-39.79952	-57.47781	17.6783	3.151161	0.3844792	0.7988628
13926	-36.97516	-54.8279	17.85274	2.167435	0.2659722	1.718141
13932	-37.12132	-56.42376	19.30244	1.700531	0.2083127	1.066132
13938	-36.56955	-53.89904	17.32949	1.980743	2.04616	0.6245465
13944	-39.04101	-56.17305	17.13205	3.167803	0.4504797	1.208992
13950	-35.27773	-55.0194	19.74167	1.555795	0.2344146	0.5619233
13956	-39.05291	-58.01294	18.96004	1.851947	0.2960231	1.029762
13962	-39.34488	-57.62815	18.28327	3.601072	0.01104183	0.8868035
13968	-42.47436	-58.34155	15.86719	0.7425809	0.06866047	4.209728
13974	-37.62418	-56.57807	18.95389	1.468995	0.7016188	0.6390568
13980	-42.47197	-62.34311	19.87114	0.1478574	0.315401	1.63515
13986	-33.39783	-53.47439	20.07655	0.1545681	0.2054864	1.685087
13992	-35.98724	-53.44578	17.45853	1.77518	2.046824	0.7622158
13998	-32.47778	-50.58443	18.10665	2.904121	0.3520513	0.4211513
14004	-29.98363	-48.45495	18.47132	2.029436	0.3520513	0.1458087
14010	-27.46579	-46.39538	18.92959	1.392537	0.8072175	0.4607992
14016	-31.0071	-51.35521	20.34811	1.29891	0.0750736	0.9099992
14022	-31.07989	-51.59476	20.51487	1.207647	0.06991881	0.8509035
14028	-31.73561	-51.22141	19.4858	1.327001	0.189548	1.281249
14034	-31.50849	-51.91228	20.40378	1.208968	0.08200153	0.912396
14040	-29.44557	-49.34611	19.90054	0.794489	0.3951499	0.933476
14046	-27.76967	-48.59959	20.82992	0.09086261	0.1372597	1.335927
14052	-30.47911	-50.2422	19.76309	0.3394072	0.1509398	1.895516
14058	-30.36424	-49.15375	18.78952	0.3394072	0.09232694	2.667648
14064	-29.64886	-49.82445	20.17558	1.192342	0.01980725	1.38273
14070	-30.81354	-50.71749	19.90396	1.78967	0.01980725	1.110054
14076	-30.39527	-50.53286	20.13758	0.08703236	0.05127931	2.096668
14082	-27.00413	-46.8898	19.88566	0.4561983	0.02597107	2.096668
14088	-25.29522	-45.37759	20.08237	0.1997132	0.004033045	1.956454
14094	-24.31116	-44.6678	20.35665	0.1911285	0.01221116	1.956454
14100	-30.74414	-51.90476	21.16062	0.4144398	0.05752456	1.069033
14106	-30.05247	-50.04443	19.99196	0.8291188	0.1549649	1.365123
14112	-27.83228	-48.38458	20.5523	0.7980157	0.181764	0.7700861
14118	-30.65274	-48.70837	18.05563	2.029039	1.032528	0.5082546
14124	-31.67387	-49.53772	17.86385	2.029039	0.3417087	0.06624631
14130	-29.99146	-47.55276	17.5613	2.224395	0.3417087	0.05861031
14136	-25.6003	-46.12089	20.52059	1.317004	0.06476539	0.7274353
14142	-30.92444	-50.63453	19.71009	1.772942	0.08930441	1.013223
14148	-36.14525	-55.97243	19.82718	0.5746106	0.5909034	0.8937269
14154	-34.56349	-53.50284	18.93936	1.277577	0.6894545	0.9462314
14160	-31.97509	-51.87385	19.89876	1.377177	0.1597662	0.9462314
14166	-35.32038	-55.06721	19.74683	1.37396	0.1597662	1.098343
14172	-37.35299	-57.71299	20.35999	1.350258	0.09921615	0.6749633
14178	-31.232	-51.06594	19.83394	1.350258	0.09245368	1.267758
14184	-34.09486	-53.74294	19.64808	1.214827	0.2660723	1.050806
14190	-42.63478	-60.70074	18.06596	2.123469	0.3866963	1.395651
14196	-32.60402	-53.16571	20.56169	0.8262334	0.1271145	0.9518153
14202	-29.39027	-49.915	20.52473	0.06800833	0.05385503	1.841174
14208	-31.39074	-51.54077	20.15002	0.1249205	0.08663903	1.950749
14214	-34.0598	-53.19203	19.13223	0.1915116	0.45812	1.922115
14220	-31.17806	-51.26248	20.08441	0.2073578	0.09242876	1.922115
14226	-31.994	-51.79168	19.79769	0.9463407	0.1912857	1.33262
14232	-28.36775	-47.66998	19.30223	0.94423	0.2534796	1.578589
14238	-30.04784	-50.12364	20.07579	1.172844	0.2301583	0.7069596
14244	-29.54036	-49.96811	20.42775	0.8557935	0.2176709	0.7069596
14250	-30.30481	-48.10956	17.80474	0.1118759	0.5183709	2.754992
14256	-29.85442	-49.15622	19.30179	0.7993789	0.6103268	1.16055
14262	-30.87617	-51.93646	21.06029	0.8503431	0.05741838	0.6615369
14268	-28.69469	-47.99221	19.29751	0.7068399	0.8695997	0.9412235
14274	-30.2353	-48.94349	18.7082	2.674201	0.191548	0.6669098
14280	-29.26162	-49.80967	20.54805	0.9550283	0.1544068	0.6669098
14286	-29.90869	-47.23915	17.33046	1.226879	3.200089	0.9167879
14292	-24.89551	-45.41896	20.52345	1.126332	0.1090704	0.7098021
14298	-27.53658	-45.336	17.79942	1.463951	1.408636	1.175606
14304	-108.1561	-68.66068	-39.49543	4.886106	573.2685	24.10399
14304	-108.1561	-68.66068	-39.49543	4.886106	573.2685	24.10399
14304	-108.1561	-68.66068	-39.49543	4.886106	573.2685	24.10399
14304	-108.1561	-68.66068	-39.49543	4.886106	573.2685	24.10399
14304	-108.1561	-68.66068	-39.49543	4.886106	573.2685	24.10399
