Iteration	Posterior	Likelihood	Prior	rate_log_sd	rate_neo	tree_length
0	-33.24784	-53.6589	20.41105	1.224146	0.02903749	1.139444
6	-28.04327	-48.15288	20.10961	1.008868	0.1907347	1.005324
12	-26.66748	-46.76204	20.09455	1.325369	0.1907347	0.5769088
18	-29.37982	-50.10285	20.72304	0.07150253	0.4171153	0.7599124
24	-34.0312	-52.1667	18.1355	1.168175	0.1373315	2.446959
30	-34.5504	-52.40463	17.85424	0.6926728	0.4404653	2.446959
36	-34.26035	-52.31263	18.05227	0.6705484	0.4404653	2.335747
42	-33.8876	-53.19163	19.30403	0.7135897	0.5112959	1.35566
48	-32.68412	-52.00751	19.32339	0.381415	0.5112959	1.592613
54	-31.3782	-50.61805	19.23986	1.273493	0.05871646	1.878892
60	-33.67274	-52.09155	18.4188	0.1016179	0.9144276	2.047334
66	-30.44481	-47.34039	16.89558	0.2585834	0.5651428	3.169782
72	-28.86388	-49.94532	21.08144	0.1590228	0.1306226	1.083865
78	-31.59331	-52.0515	20.45818	0.175736	0.3757475	1.03466
84	-32.91333	-51.32772	18.41439	1.345182	0.5686041	1.485504
90	-26.18004	-46.78753	20.60749	0.5196114	0.09374112	1.309815
96	-29.44594	-50.27392	20.82797	0.08975173	0.03808945	1.668701
102	-27.02566	-47.18505	20.15939	1.491259	0.09812094	0.2975332
108	-30.61691	-50.17862	19.56171	0.6092748	0.4575653	1.305599
114	-33.75765	-49.96558	16.20793	2.323843	3.843825	0.426245
120	-26.67478	-47.49101	20.81623	0.5438654	0.01733965	1.389159
126	-34.80899	-53.73904	18.93005	1.155593	0.5537961	1.245748
132	-29.96136	-50.74096	20.7796	0.2824421	0.2822024	0.786436
138	-28.47853	-50.05745	21.57893	0.221313	0.07163333	0.7341765
144	-27.7761	-49.37517	21.59907	0.221313	0.05346373	0.8299201
150	-29.15743	-49.4956	20.33817	0.04767638	0.1797613	1.63059
156	-28.27365	-48.67833	20.40467	0.6255714	0.01431126	1.63059
162	-29.6807	-50.23217	20.55146	1.15697	0.1065414	0.4044757
168	-33.42718	-52.43176	19.00458	1.470697	0.6598345	0.3778298
174	-34.58462	-51.65354	17.06892	0.6744817	1.371071	2.281808
180	-33.45756	-48.94843	15.49087	1.42768	6.667194	1.462173
186	-28.97541	-48.19389	19.21849	1.782166	0.3609169	0.554697
192	-26.62772	-47.1919	20.56418	0.7366191	0.2136982	0.6967157
198	-27.95854	-47.3766	19.41806	0.7384117	0.9389265	0.6150275
204	-23.81919	-43.95076	20.13157	1.580597	0.09652171	0.3467675
210	-25.83183	-43.8138	17.98197	1.692415	1.513964	0.4458236
216	-28.74166	-48.89072	20.14906	0.3849796	0.2158288	1.440078
222	-31.16604	-50.91089	19.74485	0.2546665	0.8130925	1.012066
228	-29.49596	-50.67439	21.17843	0.9186677	0.02035807	0.6022996
234	-37.97602	-54.10949	16.13347	2.009493	2.348536	1.594337
240	-32.32785	-49.91072	17.58287	1.778804	1.889547	0.3372139
246	-30.20123	-48.50969	18.30846	1.823755	0.805365	0.2489097
252	-30.97364	-48.78017	17.80653	1.911396	1.463572	0.4982977
258	-30.7039	-48.20411	17.50021	1.911396	1.912929	0.45599
264	-41.24853	-57.25806	16.00953	0.3200597	0.498466	3.71414
270	-32.59393	-51.85416	19.26023	1.20364	0.349197	1.235877
276	-34.69652	-51.67203	16.97551	1.840637	2.116146	1.162222
282	-37.90022	-57.67203	19.77181	1.840637	0.1319707	0.4133569
288	-35.37798	-53.11528	17.73729	1.824367	1.6368	0.6378181
294	-42.06992	-60.57018	18.50026	1.164392	0.7559265	1.36233
300	-37.61953	-55.81126	18.19173	2.280923	0.3422993	1.240797
306	-37.96364	-54.8389	16.87526	3.322527	0.918671	0.4617055
312	-35.06148	-52.74612	17.68463	2.410319	0.9872937	0.3794896
318	-29.17248	-47.93045	18.75798	2.054686	0.3274327	0.9571445
324	-25.86093	-46.1762	20.31527	0.4815946	0.1725698	1.337597
330	-28.82152	-47.22797	18.40646	2.026457	0.03048712	2.025196
336	-30.18524	-49.46127	19.27603	1.835997	0.3031636	0.6077832
342	-30.20542	-48.55736	18.35194	1.835997	0.8218916	0.2930633
348	-39.22018	-57.27604	18.05587	0.2928534	1.106641	2.034506
354	-35.7864	-54.2768	18.49041	2.459633	0.1791623	0.1472867
360	-32.02631	-50.20489	18.17859	0.8779572	0.310898	2.289859
366	-29.32065	-49.11645	19.7958	1.908708	0.02942608	0.1792472
372	-29.02053	-48.83408	19.81356	1.930909	0.07189541	0.2806899
378	-24.15476	-43.74761	19.59285	1.811588	0.002703794	0.222368
384	-33.56951	-53.21964	19.65014	0.3343351	0.3624526	1.586696
390	-27.53479	-47.76165	20.22686	0.2636714	0.1269675	1.686939
396	-24.46411	-45.54636	21.08225	0.5826394	0.01417151	1.129275
402	-29.17642	-49.91635	20.73993	0.3250645	0.1662388	1.129275
408	-35.15784	-50.68439	15.52656	1.179847	4.535936	1.99935
414	-31.53784	-49.95838	18.42054	0.4736416	1.450731	1.44855
420	-29.56733	-50.63489	21.06756	0.7608412	0.07678796	0.3843561
426	-28.94687	-49.34433	20.39746	0.535195	0.3625105	0.7115983
432	-32.31661	-52.67337	20.35675	1.486644	0.07298652	0.3796985
438	-29.03209	-49.91059	20.8785	1.096037	0.009757069	0.7474392
444	-26.64896	-47.02421	20.37525	0.5751649	0.2814366	0.9235147
450	-23.83377	-44.65225	20.81848	1.037631	0.02924792	0.9235147
456	-25.34832	-46.11232	20.764	1.037631	0.04114165	0.9235147
462	-28.19998	-48.05505	19.85506	1.233623	0.1905634	1.035052
468	-28.7487	-48.36012	19.61142	1.556009	0.008336016	1.477925
474	-28.50105	-47.54604	19.04499	0.8785571	0.4919369	1.45351
480	-26.00216	-44.33683	18.33467	0.2115752	0.3227686	2.594014
486	-28.74231	-47.42981	18.6875	1.708863	0.1195805	1.773259
492	-23.82399	-43.76411	19.94011	1.588386	0.1590051	0.4535151
498	-27.96263	-48.47202	20.50939	0.2899094	0.3673128	0.87897
504	-23.87779	-42.13401	18.25622	0.6410608	0.09506976	2.802076
510	-22.41649	-42.74623	20.32974	0.06161297	0.07230196	1.916884
516	-26.99044	-47.96078	20.97034	0.1080949	0.09246525	1.353242
522	-29.69348	-49.17151	19.47803	1.258661	0.08227243	1.644311
528	-33.02817	-52.50865	19.48048	1.342426	0.2776269	1.061566
534	-32.82095	-51.87435	19.0534	1.351377	0.6485604	0.7888498
540	-31.0744	-50.35371	19.27931	1.095925	0.005117963	1.949656
546	-25.61086	-46.24726	20.6364	1.171515	0.007209305	0.8865424
552	-40.80558	-57.90656	17.10098	0.9540231	3.672508	1.221295
558	-42.00182	-54.41431	12.41249	4.371734	11.86504	0.7496321
564	-32.40389	-52.38846	19.98457	0.2629209	0.5129735	1.16251
570	-30.17288	-50.4987	20.32583	0.01094021	0.09856566	1.87356
576	-28.03377	-47.21945	19.18568	7.833984e-05	0.7179947	1.751066
582	-23.04421	-44.1726	21.12839	0.0001148683	0.1647652	1.075644
588	-23.42282	-44.91479	21.49197	0.006333114	0.1647652	0.5930273
594	-24.93376	-46.0392	21.10544	0.01168967	0.2592861	0.7890633
600	-28.7359	-49.46963	20.73373	0.01299734	0.4124754	0.8357371
606	-24.57925	-45.61554	21.0363	0.04932096	0.1214238	1.250318
612	-29.03199	-49.61125	20.57927	0.9030375	0.04673325	1.200372
618	-28.2617	-48.83604	20.57434	0.6370855	0.04626925	1.421521
624	-41.76822	-60.37277	18.60456	2.169065	0.3697633	0.902557
630	-39.65949	-58.5874	18.92791	2.807256	0.01868999	1.072372
636	-43.81165	-60.36103	16.54937	4.722537	0.2463956	0.4833764
642	-42.56569	-60.89659	18.3309	1.489167	1.042124	0.9471066
648	-38.18317	-58.32261	20.13943	1.489167	0.0717262	0.9471066
654	-35.38762	-54.79955	19.41193	1.354257	0.4391895	0.7415337
660	-34.33232	-53.55379	19.22147	1.034269	0.2617053	1.556281
666	-35.19345	-53.27401	18.08057	0.9709839	0.8335826	1.747228
672	-32.61179	-51.72011	19.10832	0.8335539	0.42687	1.525672
678	-33.25094	-53.03872	19.78778	0.9279522	0.4491031	0.7886974
684	-32.03811	-51.32944	19.29133	1.357444	0.06048292	1.779687
690	-38.84075	-56.21171	17.37096	1.820971	2.207472	0.6842538
696	-39.47879	-54.7991	15.32031	1.820971	3.895139	1.845309
702	-34.81532	-53.2571	18.44178	0.8519705	0.1967017	2.328577
708	-33.47819	-53.59445	20.11625	0.9882224	0.2177567	0.93749
714	-34.61475	-52.38558	17.77083	1.224432	0.2363113	2.445842
720	-52.14293	-64.27203	12.1291	4.671015	10.09043	1.030024
726	-32.65852	-51.12205	18.46352	2.155336	0.5771338	0.4325862
732	-27.10333	-47.64222	20.53889	1.532944	0.01564318	0.6592426
738	-30.06164	-49.15398	19.09234	0.9536578	0.4167032	1.461618
744	-25.14166	-46.12054	20.97887	0.979412	0.006612964	0.6301123
750	-29.90675	-47.95638	18.04963	1.279723	0.00955378	2.712909
756	-28.94874	-49.66513	20.71639	1.036	0.01783489	1.056101
762	-29.64315	-49.48403	19.84088	1.762889	0.1376527	0.5497793
768	-26.04984	-45.94	19.89017	0.6622353	0.02157947	1.964881
774	-27.04312	-47.69565	20.65253	0.3672063	0.09408015	1.393853
780	-30.94697	-50.0785	19.13153	0.6868644	0.6098721	1.393853
786	-28.90198	-48.04332	19.14134	0.6280897	0.01263215	2.462241
792	-28.2469	-47.86813	19.62123	0.6042683	0.03805302	2.13906
798	-28.1113	-47.83979	19.72849	0.2550233	0.2878024	1.706217
804	-27.7762	-47.76078	19.98458	1.117291	0.274725	0.7557653
810	-27.62952	-48.51087	20.88134	0.9907994	0.05743792	0.7299173
816	-31.07326	-48.51423	17.44097	1.766214	1.999448	0.8346363
822	-32.64543	-48.70046	16.05503	1.26398	1.136429	2.671987
828	-30.58891	-48.88696	18.29805	2.148101	0.2467199	1.442499
834	-24.70037	-46.43464	21.73427	0.211783	0.0343985	0.7881765
840	-24.29082	-44.88791	20.59708	0.3102259	0.01805885	1.723583
846	-28.61758	-47.87523	19.25765	0.2772518	0.7642876	1.454983
852	-28.57829	-48.61297	20.03468	0.206331	0.2209913	1.646133
858	-32.62607	-51.17689	18.55083	1.945225	0.6708981	0.4923878
864	-35.65982	-51.20716	15.54734	1.671917	4.448477	1.664737
870	-34.34816	-53.77902	19.43086	0.6990456	0.4356883	1.369642
876	-29.21758	-48.93942	19.72184	0.6542035	0.1207604	1.784178
882	-27.41958	-45.79604	18.37646	0.1938968	0.1085464	2.965494
888	-31.3859	-48.91166	17.52576	0.44175	0.434428	2.811584
894	-31.37868	-48.83261	17.45392	2.185013	0.5864677	1.555496
900	-28.41669	-48.69609	20.27939	1.464374	0.03209281	1.026654
906	-28.70423	-47.8887	19.18447	1.463057	0.5462059	0.628959
912	-35.77833	-51.66519	15.88686	4.553125	0.03168283	2.017122
918	-29.77411	-49.00177	19.22765	1.729141	0.2353934	1.037562
924	-30.94826	-49.17831	18.23005	2.489024	0.480806	0.3427171
930	-26.5381	-47.10193	20.56383	1.038593	0.07186193	0.9737344
936	-33.45749	-49.98544	16.52794	3.023856	0.7702572	1.436513
942	-29.48593	-49.76666	20.28073	0.7568972	0.07783337	1.436513
948	-31.91367	-49.4174	17.50373	1.791239	0.3159508	2.128354
954	-30.69748	-49.11581	18.41833	1.539468	0.8407933	1.021712
960	-27.91041	-47.96946	20.05905	1.376882	0.06750618	1.151078
966	-35.13634	-53.41434	18.27799	2.375355	0.5584305	0.4577229
972	-36.97217	-51.06745	14.09528	2.375355	14.74833	0.675029
978	-36.17874	-51.14726	14.96851	2.375355	5.643437	1.319224
984	-34.59978	-52.53711	17.93733	1.70809	0.1376389	2.228842
990	-34.52584	-53.00959	18.48374	0.9600142	0.1985928	2.228842
996	-35.12436	-52.40094	17.27658	0.2931222	0.1012626	3.574336
1002	-28.60978	-48.72935	20.11957	0.7274279	0.03666944	1.723655
1008	-25.60432	-46.19908	20.59476	0.2699112	0.05574975	1.643766
1014	-24.96392	-45.18547	20.22155	0.1713342	0.1718811	1.643766
1020	-25.57806	-45.22304	19.64499	0.6183102	0.2143127	1.643766
1026	-25.56505	-45.72316	20.15812	0.2753533	0.1307315	1.71725
1032	-31.33885	-49.45322	18.11436	0.5994797	0.2447659	2.607178
1038	-27.23822	-48.31159	21.07337	0.8080217	0.02657502	0.9067423
1044	-35.18904	-55.30649	20.11745	0.8080217	0.04954616	1.622354
1050	-38.95742	-56.91068	17.95326	1.592856	0.5794148	1.630769
1056	-38.22441	-56.34479	18.12038	2.583129	0.005406855	1.736065
1062	-44.48491	-61.25959	16.77468	1.544228	0.7181216	2.326477
1068	-42.89046	-60.5989	17.70844	1.544228	0.3902687	2.053649
1074	-39.30961	-58.59394	19.28432	0.8083076	0.09294642	2.053649
1080	-45.19347	-60.62088	15.42741	2.565793	1.424217	2.093155
1086	-52.27756	-67.75347	15.47592	2.304859	4.001926	1.351788
1092	-34.61038	-53.71843	19.10805	0.7024568	0.1363976	2.124636
1098	-34.9112	-55.78564	20.87444	1.16098	0.03547544	0.625106
1104	-28.84074	-48.85387	20.01313	0.2809921	0.2196834	1.610477
1110	-29.84928	-48.25872	18.40944	0.9490678	0.3242306	2.074525
1116	-29.79355	-48.10583	18.31228	0.689478	0.7743321	1.830157
1122	-25.58791	-45.37738	19.78947	0.5943487	0.3077237	1.374733
1128	-28.99151	-46.49994	17.50843	0.1382529	0.4878679	2.949117
1134	-31.63258	-51.01849	19.38591	0.376022	0.4878679	1.579202
1140	-23.60485	-44.46973	20.86489	0.6160107	0.07614355	1.072881
1146	-30.49544	-49.35527	18.85982	0.5664244	0.9315417	1.39268
1152	-28.26412	-46.39608	18.13197	1.563828	1.478239	0.5786324
1158	-28.78001	-48.35663	19.57662	0.7411545	0.8041444	0.5786324
1164	-30.26149	-49.45485	19.19336	0.9264643	0.9954888	0.4719134
1170	-25.14202	-44.79684	19.65482	0.797758	0.3335911	1.273058
1176	-26.45507	-46.56524	20.11018	0.7071794	0.3335911	0.93791
1182	-31.52891	-49.22147	17.69256	1.683434	1.644697	0.9002663
1188	-34.32962	-51.32796	16.99833	0.6262863	2.481546	1.910297
1194	-32.32663	-50.19559	17.86897	0.6345187	0.6423005	2.272942
1200	-25.79485	-45.35652	19.56167	1.04025	0.1893816	1.44818
1206	-28.57404	-48.5362	19.96215	1.323073	0.2239986	0.671398
1212	-28.00566	-47.13784	19.13218	1.513408	0.4879166	0.2900922
1218	-25.91334	-45.96806	20.05472	0.2431878	0.4456365	1.217989
1224	-23.26804	-43.35807	20.09002	0.04477477	0.3208156	1.541778
1230	-26.32841	-46.68783	20.35942	0.01894746	0.05362322	1.987069
1236	-24.85744	-45.92354	21.06609	0.6827497	0.08599846	0.7096168
1242	-21.73347	-42.53096	20.79749	0.7802846	0.04875146	1.10716
1248	-31.75103	-51.11676	19.36573	1.183972	0.0532374	1.872739
1254	-26.04485	-46.31661	20.27176	0.7742646	0.09600721	1.366702
1260	-28.22639	-49.08571	20.85932	0.2622281	0.07910274	1.366702
1266	-29.05105	-49.90626	20.85521	0.5519364	0.02175063	1.349487
1272	-35.07204	-55.99677	20.92473	0.4011972	0.02413572	1.408633
1278	-31.15999	-50.84866	19.68867	1.743923	0.004301805	1.109556
1284	-29.5106	-49.71433	20.20373	0.9546668	0.07655222	1.346908
1290	-31.60747	-52.13917	20.5317	0.5375129	0.01785217	1.607846
1296	-30.34331	-50.24499	19.90168	0.3035811	0.05908773	2.083761
1302	-26.85531	-47.52743	20.67212	0.3623111	0.02511681	1.624065
1308	-34.31101	-52.94021	18.6292	0.1482436	0.04005005	3.032811
1314	-31.73818	-49.41974	17.68156	0.8216722	0.09778977	3.032811
1320	-28.40957	-49.12295	20.71338	1.371843	0.02382125	0.4001005
1326	-29.20576	-49.56995	20.36419	1.371843	0.09861221	0.624529
1332	-35.39466	-53.51505	18.12039	1.235383	0.07455738	2.577379
1338	-27.93035	-47.9093	19.97896	0.3759505	0.01276036	2.087386
1344	-26.26501	-45.89378	19.62877	0.6882231	0.03539226	2.087386
1350	-32.23818	-50.31248	18.07429	1.650093	1.454261	0.516478
1356	-26.65723	-46.81918	20.16195	0.04310627	0.07897198	2.020795
1362	-26.35042	-45.76185	19.41144	0.3319284	0.1328961	2.176824
1368	-23.85588	-45.11518	21.2593	0.008997991	0.03576063	1.417292
1374	-24.86351	-45.79982	20.93632	0.07131488	0.07331425	1.475491
1380	-28.88473	-49.07811	20.19338	1.080524	0.2454163	0.4763102
1386	-34.18716	-50.72384	16.53668	1.094016	3.795324	1.521465
1392	-36.25483	-52.11721	15.86238	2.181438	3.795324	1.193522
1398	-31.4629	-51.33037	19.86747	0.4946766	0.3291107	1.353982
1404	-28.42965	-47.50375	19.0741	0.5140434	0.5340138	1.650619
1410	-30.03354	-48.6516	18.61806	0.4482586	0.9448654	1.650619
1416	-28.76492	-48.61217	19.84724	0.6772684	0.09588059	1.751871
1422	-31.18506	-50.66715	19.48209	1.526935	0.3591213	0.4788368
1428	-28.91533	-47.98979	19.07446	1.040781	0.1828796	1.814357
1434	-30.71835	-49.65902	18.94067	0.5537039	0.4508694	1.814357
1440	-27.21931	-46.77085	19.55154	0.4102304	0.4209388	1.519042
1446	-25.52518	-45.97915	20.45397	0.5210301	0.04640621	1.597859
1452	-27.24731	-46.56122	19.31392	0.683758	0.1415227	1.988632
1458	-27.57874	-47.73751	20.15877	0.746279	0.02674315	1.712563
1464	-25.2492	-46.20167	20.95248	0.9315137	0.05825697	0.7035919
1470	-29.23233	-49.27776	20.04542	1.252466	0.1817388	0.2673291
1476	-29.46523	-47.82934	18.36411	2.640983	0.3547374	0.5882928
1482	-27.49831	-47.47181	19.9735	2.132582	0.02400752	0.4713616
1488	-27.06303	-46.99665	19.93362	2.132582	0.01369733	0.3713115
1494	-26.65085	-47.82736	21.17651	0.6205289	0.04077751	0.9304444
1500	-27.89166	-47.94569	20.05403	1.203587	0.1370326	1.045228
1506	-35.64605	-52.98157	17.33552	1.305316	0.391944	2.445176
1512	-31.33674	-49.95841	18.62168	0.6109162	0.03995108	2.757983
1518	-34.19402	-52.2511	18.05708	0.8562118	0.2239555	2.518439
1524	-30.56912	-51.57071	21.00158	0.01914945	0.1316569	1.271699
1530	-29.65616	-50.06062	20.40445	1.15548	0.1413811	0.6440288
1536	-34.3862	-52.44008	18.05388	1.960309	0.9814224	0.292272
1542	-29.11553	-49.81596	20.70043	1.023243	0.09556103	0.679279
1548	-29.67965	-48.59012	18.91047	0.3396908	0.3629358	2.09146
1554	-29.47578	-49.17289	19.69712	1.488641	0.1476316	1.077082
1560	-34.27996	-55.04855	20.76859	0.8818896	0.03002165	1.12218
1566	-26.41783	-47.14254	20.72471	0.5285819	0.1908082	0.8593712
1572	-32.86984	-51.86412	18.99428	1.845282	0.05712195	1.656871
1578	-29.95887	-50.28081	20.32194	0.4942412	0.08911643	1.564182
1584	-28.95571	-48.49268	19.53697	0.4899232	0.5374794	1.314769
1590	-27.87744	-48.10749	20.23005	1.584194	0.004633426	0.7052603
1596	-32.27417	-52.62328	20.3491	0.3694531	0.05372065	1.75449
1602	-32.09661	-52.59901	20.5024	1.4953	0.007971023	0.382749
1608	-29.36348	-48.9055	19.54201	1.168842	0.03189482	1.833502
1614	-36.12739	-55.55829	19.43089	2.175156	0.05651148	1.044407
1620	-25.3581	-46.53099	21.17289	0.9141291	0.02291822	0.6167498
1626	-28.89509	-46.90155	18.00646	0.2664556	0.0299236	3.359409
1632	-28.50388	-49.38055	20.87666	0.2926931	0.06744106	1.372485
1638	-24.39616	-45.00318	20.60703	1.018939	0.1299722	0.5778498
1644	-27.25886	-47.9823	20.72344	0.5306374	0.1382733	1.044267
1650	-24.26612	-45.07697	20.81085	0.5841425	0.0123154	1.346436
1656	-23.25178	-44.2465	20.99472	0.1946216	0.02662968	1.506522
1662	-26.19403	-46.39295	20.19892	1.544038	0.1030276	0.5234618
1668	-24.28615	-44.309	20.02285	0.3591528	0.1875034	1.615806
1674	-29.11065	-47.72398	18.61333	0.02527873	0.4769584	2.348552
1680	-27.54644	-48.32297	20.77654	0.005495259	0.2433441	1.177553
1686	-29.64634	-50.44131	20.79497	0.001224755	0.2433441	1.165201
1692	-27.45202	-48.21922	20.7672	0.002025097	0.1539267	1.408466
1698	-24.64512	-45.27017	20.62505	0.2382821	0.09737246	1.502459
1704	-28.48755	-47.71485	19.2273	0.7622425	0.5878839	1.282757
1710	-32.30557	-53.00599	20.70042	0.7191085	0.09608937	1.046108
1716	-35.70903	-55.5505	19.84146	0.01325036	0.7507941	1.212006
1722	-36.77347	-56.56946	19.79599	1.928076	0.1072244	0.4653299
1728	-34.11175	-52.58169	18.46994	1.560629	0.2755911	1.693872
1734	-29.43091	-49.47933	20.04842	1.560629	0.1061119	0.7893963
1740	-25.33359	-45.14376	19.81017	1.96161	0.006782402	0.9107129
1746	-25.5355	-46.5648	21.0293	0.4433461	0.112669	0.921655
1752	-27.94627	-48.428	20.48173	1.491476	0.05014937	0.5977189
1758	-28.04429	-48.28981	20.24552	1.491476	0.01299244	1.056806
1764	-30.12959	-47.62878	17.49919	0.2220806	0.01413763	3.693508
1770	-27.81123	-47.63363	19.8224	0.7177316	0.05099489	1.886919
1776	-33.55842	-52.76281	19.20439	0.9567279	0.4917077	1.265768
1782	-27.73011	-48.03804	20.30793	1.338733	0.02368865	1.145498
1788	-33.41644	-52.78519	19.36874	1.154338	0.4711032	0.9683648
1794	-29.03725	-48.2364	19.19915	0.06924149	0.3855862	2.049343
1800	-36.83783	-56.13238	19.29455	0.4302182	0.188911	2.064858
1806	-32.60265	-52.44137	19.83872	0.08591056	0.266882	1.783412
1812	-35.20456	-55.54777	20.34322	1.153824	0.04943437	1.175951
1818	-32.71837	-51.26525	18.54689	0.6639927	0.03431657	2.78755
1824	-30.97	-50.81657	19.84657	2.201777	0.03431657	0.6048347
1830	-31.04317	-50.42208	19.3789	1.663634	0.04286072	1.561387
1836	-26.21824	-46.27237	20.05413	1.444391	0.003564572	0.9764383
1842	-33.01411	-49.11217	16.09806	1.404222	0.0802037	3.667326
1848	-36.76839	-52.53962	15.77123	1.037525	4.313868	1.976976
1854	-33.01887	-53.91787	20.89899	0.6809152	0.07474982	0.9827917
1860	-30.45652	-51.3	20.84348	0.4787586	0.03433334	1.380454
1866	-29.58788	-49.14702	19.55914	1.52613	0.1455467	1.174183
1872	-36.77076	-53.29967	16.52892	0.1144348	1.442041	2.929359
1878	-35.02765	-50.66114	15.63349	0.5804453	1.442041	3.186066
1884	-35.48065	-53.00038	17.51973	1.207966	2.202527	1.197579
1890	-36.38398	-52.19695	15.81297	1.547927	4.067177	1.650709
1896	-38.59186	-55.7553	17.16344	3.332862	0.4791821	0.2095791
1902	-31.32747	-49.34007	18.0126	2.254522	0.7335197	0.2750702
1908	-31.70154	-48.01788	16.31634	2.254522	3.736357	0.5770999
1914	-28.96698	-49.42189	20.45491	1.081967	0.1336961	0.737195
1920	-31.70129	-51.00418	19.30289	1.565917	0.4276236	0.5635247
1926	-28.73124	-47.67335	18.94212	1.565917	0.6558977	0.5677508
1932	-26.68383	-48.10692	21.42309	0.4282938	0.06412684	0.7098886
1938	-26.28229	-46.69927	20.41697	1.502427	0.06412684	0.5255232
1944	-25.44158	-45.17823	19.73665	0.6814638	0.5125716	1.004456
1950	-25.86758	-45.30347	19.43589	0.7896405	0.3493141	1.426721
1956	-31.14194	-48.35029	17.20835	1.108632	2.447169	1.426721
1962	-28.69981	-47.57622	18.87641	1.613	0.5990084	0.7685265
1968	-25.88292	-46.17793	20.29501	0.7224433	0.1459614	1.230967
1974	-30.08417	-48.41726	18.33309	0.7629991	1.227928	1.43083
1980	-37.88485	-57.40782	19.52297	1.33861	0.384065	0.7549211
1986	-33.56591	-53.48217	19.91626	1.232226	0.0277097	1.534043
1992	-34.50327	-53.10617	18.6029	2.219434	0.436967	0.648254
1998	-34.86108	-53.2132	18.35211	0.2801582	0.6963618	2.142702
2004	-35.24339	-55.47951	20.23612	0.7374339	0.1136875	1.365824
2010	-31.02701	-50.15249	19.12548	1.225222	0.6687906	0.8238286
2016	-33.76893	-50.90117	17.13224	1.774047	2.881968	0.5820121
2022	-37.20909	-53.24113	16.03204	1.529776	6.983099	0.8125013
2028	-27.69804	-47.84299	20.14495	0.5274019	0.4635819	0.8125013
2034	-29.02478	-48.04369	19.01891	0.4194778	0.5596571	1.728696
2040	-28.69452	-48.84621	20.15169	1.154908	0.1562265	0.9262852
2046	-32.89025	-53.25063	20.36038	0.7661982	0.1562265	1.104094
2052	-29.16712	-47.73131	18.56419	0.9273044	0.6377133	1.609565
2058	-30.10962	-50.07353	19.96391	2.033965	0.04566068	0.4189401
2064	-25.68974	-45.21505	19.52531	2.033965	0.08012802	0.2107638
2070	-29.68017	-49.57443	19.89426	1.787665	0.08295343	0.8257417
2076	-30.63499	-49.9264	19.29142	1.787665	0.2812169	0.304204
2082	-29.44325	-50.68914	21.24589	0.7895078	0.02037901	0.7277072
2088	-31.80121	-51.5096	19.70839	2.104838	0.01664559	0.2046609
2094	-31.47787	-51.13007	19.6522	2.2954	0.05345334	0.6227199
2100	-31.56842	-51.55172	19.98329	0.2905456	0.4510564	1.230165
2106	-28.89941	-47.82695	18.92754	1.572272	0.6419247	0.64611
2112	-29.13206	-49.48932	20.35726	0.496649	0.2123434	1.189615
2118	-30.54688	-50.54535	19.99847	1.61065	0.02645541	1.17094
2124	-35.88343	-54.53867	18.65524	1.19994	0.02870193	2.403256
2130	-30.65161	-50.91535	20.26374	0.5870968	0.2585561	1.080145
2136	-29.61164	-48.07134	18.4597	0.004662834	0.2585561	2.738549
2142	-28.16087	-47.08753	18.92666	0.0001570957	0.3480607	2.320635
2148	-28.64543	-48.53986	19.89443	0.002247469	0.07242435	2.242339
2154	-26.95514	-48.16104	21.2059	0.009192396	0.07242435	1.317081
2160	-25.74861	-46.46439	20.71578	0.5163711	0.06885367	1.317081
2166	-31.02551	-51.46128	20.43577	0.4031994	0.08322724	1.566878
2172	-30.21672	-49.20828	18.99156	1.020104	0.7043805	1.126168
2178	-31.46266	-50.69558	19.23292	1.020104	0.7043805	0.8849839
2184	-30.03361	-47.9433	17.90969	1.948485	0.7043805	0.1323504
2190	-24.11114	-45.02461	20.91347	0.933224	0.0172789	0.9622448
2196	-31.36423	-50.71739	19.35316	1.026275	0.7023209	0.7198489
2202	-29.45226	-49.4856	20.03334	2.01931	0.0168328	0.3424285
2208	-33.42629	-51.56746	18.14117	2.01931	0.2493106	1.648753
2214	-26.81745	-47.01747	20.20002	1.059192	0.2496342	0.5503744
2220	-26.52116	-46.58678	20.06562	1.59609	0.08513828	0.2677081
2226	-25.45785	-47.02854	21.57069	0.09115761	0.003571374	0.7878806
2232	-29.14799	-49.53799	20.38999	0.561572	0.1157746	1.376564
2238	-27.3682	-48.20526	20.83706	0.1458409	0.1319436	1.30176
2244	-26.51968	-47.54657	21.02689	0.9548848	0.03265298	0.7482715
2250	-25.32171	-46.21544	20.89373	1.07996	0.03444631	0.7482715
2256	-25.16271	-45.3779	20.21519	1.530884	0.08653734	0.3360282
2262	-25.97915	-46.44728	20.46813	1.530884	0.04442594	0.406997
2268	-30.38391	-48.43167	18.04776	2.489759	0.6264358	0.406997
2274	-29.41374	-48.49072	19.07698	1.601063	0.3917877	0.9584476
2280	-26.08721	-46.69593	20.60872	0.9012516	0.05636008	1.133953
2286	-27.77338	-46.88717	19.11379	0.6504738	0.05992653	2.365616
2292	-23.45984	-44.28693	20.82709	1.054854	0.05992653	0.6926268
2298	-29.47332	-49.71422	20.2409	0.8322748	0.2682063	0.8174086
2304	-23.90177	-44.93331	21.03154	1.012583	0.026647	0.6851231
2310	-29.13323	-50.54146	21.40823	0.2025686	0.1233219	0.6781661
2316	-34.89257	-51.64766	16.75509	3.485914	0.2984809	1.500656
2322	-35.31596	-50.51349	15.19753	3.485914	3.458823	0.506699
2328	-36.58434	-51.82905	15.24471	3.776115	0.007381426	2.870206
2334	-30.19575	-49.36161	19.16586	0.08770238	0.0794839	2.626425
2340	-33.54961	-52.74479	19.19518	0.05838618	0.0794839	2.626425
2346	-29.86251	-50.77321	20.9107	0.1145702	0.07673994	1.449862
2352	-30.4646	-51.24176	20.77716	0.01912976	0.07673994	1.619757
2358	-27.92152	-48.23449	20.31297	0.739447	0.01726882	1.619757
2364	-27.33219	-47.91393	20.58174	1.528615	0.01720795	0.557299
2370	-29.35701	-48.57426	19.21726	0.1098265	0.05707213	2.647594
2376	-25.09996	-45.25985	20.15989	1.003685	0.1720495	1.019124
2382	-32.97644	-51.44403	18.46759	0.05567911	1.133458	1.90098
2388	-25.92386	-46.36797	20.44411	0.0921492	0.1364247	1.628845
2394	-25.64377	-46.17982	20.53605	1.294166	0.05966228	0.7759216
2400	-27.86856	-48.4151	20.54653	1.272468	0.08515996	0.4639124
2406	-25.22515	-45.5338	20.30865	1.458825	0.09736451	0.5170128
2412	-25.63001	-45.84828	20.21827	1.447788	0.1167477	0.402268
2418	-28.89228	-47.73377	18.84149	2.035276	0.1824606	0.1349445
2424	-28.26849	-48.02714	19.75865	2.035276	0.05242373	0.2542512
2430	-31.39188	-50.14942	18.75754	1.631339	0.6136523	0.253326
2436	-35.66429	-52.78595	17.12165	2.671063	0.9414821	0.17932
2442	-31.35625	-49.7116	18.35534	2.3525	0.4541466	0.292915
2448	-29.90138	-49.42506	19.52368	2.3525	0.04883287	0.292915
2454	-29.79441	-48.45546	18.66105	2.343726	0.3013139	0.2851509
2460	-33.88075	-50.92932	17.04858	2.009872	1.3689	1.370097
2466	-29.90044	-49.6048	19.70436	2.038685	0.01961497	1.06447
2472	-30.57076	-49.62065	19.04989	1.952291	0.3520847	0.4014213
2478	-34.34762	-52.18178	17.83416	1.094812	0.3520847	2.313851
2484	-33.08571	-49.76559	16.67988	0.6332809	1.313192	2.581851
2490	-25.66155	-46.46944	20.80789	0.686801	0.03795725	1.226662
2496	-25.15965	-46.21277	21.05312	0.8204114	0.0522273	0.7670669
2502	-32.44968	-50.82667	18.37699	1.065367	0.2095766	2.208808
2508	-28.75265	-47.60145	18.8488	0.3074264	0.5661737	1.916345
2514	-26.11719	-47.12951	21.01233	0.4317355	0.09908531	1.009722
2520	-24.17489	-43.90899	19.7341	0.7946931	0.2182007	1.438922
2526	-25.1044	-46.8368	21.7324	0.3122246	0.02014372	0.7131081
2532	-27.65721	-47.16058	19.50336	1.460376	0.3583377	0.6709826
2538	-28.76247	-47.03671	18.27423	1.525739	0.8525597	1.155486
2544	-26.46542	-47.28309	20.81767	0.7169414	0.09042752	0.9557522
2550	-24.72503	-45.37144	20.64641	0.1701532	0.2498375	1.132007
2556	-28.7142	-49.18593	20.47174	0.3172752	0.270238	1.109898
2562	-30.51784	-48.98954	18.4717	0.289554	0.9316943	1.873341
2568	-29.31335	-50.23932	20.92597	0.7921498	0.0277993	1.067994
2574	-30.14329	-49.89851	19.75523	0.93007	0.1771758	1.413578
2580	-28.46612	-49.23672	20.77061	0.8483845	0.08602645	0.8847967
2586	-28.31001	-49.54262	21.23261	0.08870373	0.16284	0.8847967
2592	-26.63025	-47.46161	20.83135	1.127953	0.05616804	0.5185606
2598	-31.05402	-50.87717	19.82315	2.139125	0.03745083	0.316129
2604	-29.13952	-49.32909	20.18957	0.6132778	0.03834207	1.749044
2610	-33.67388	-51.47075	17.79686	0.2224601	0.2328331	3.048702
2616	-29.92625	-50.35789	20.43164	0.6467527	0.1300377	1.228723
2622	-32.49501	-51.87673	19.38172	1.348489	0.4433981	0.7828196
2628	-30.19955	-50.68584	20.48629	1.409094	0.06109766	0.6553663
2634	-29.25467	-47.99613	18.74145	1.634441	0.764957	0.5025203
2640	-32.06808	-49.87182	17.80374	0.8978676	1.648745	1.486985
2646	-30.41144	-48.8834	18.47196	1.547617	1.026069	0.7137093
2652	-29.44955	-49.57178	20.12224	0.7919082	0.3125907	0.8822488
2658	-25.99281	-46.14806	20.15524	1.353222	0.1651786	0.4572311
2664	-30.07288	-48.69331	18.62043	1.394041	1.096439	0.5714982
2670	-25.82798	-45.79175	19.96378	1.170803	0.2982006	0.5714982
2676	-25.33035	-45.22197	19.89162	0.5999879	0.424115	1.081143
2682	-27.99333	-47.2012	19.20787	1.653465	0.424115	0.6106792
2688	-28.01043	-46.52683	18.5164	1.756732	0.7997916	0.34509
2694	-26.61078	-46.97892	20.36813	0.9499476	0.06388199	1.266649
2700	-30.034	-47.96707	17.93306	1.067299	1.217728	1.510003
2706	-34.60477	-52.09473	17.48996	0.7607758	1.217728	2.033686
2712	-32.56281	-52.97725	20.41443	0.07789583	0.3480987	1.21379
2718	-30.01725	-49.31954	19.30229	0.03574732	0.2879848	2.142613
2724	-28.96782	-48.75694	19.78912	0.02636684	0.6074132	1.398877
2730	-28.25309	-47.3116	19.0585	0.07395733	0.2611285	2.317815
2736	-32.07834	-52.05982	19.98148	0.3792369	0.1869161	1.632502
2742	-32.25216	-52.67665	20.42449	0.1497964	0.1352321	1.6045
2748	-28.01916	-47.63503	19.61587	0.9109322	0.4009566	1.089048
2754	-37.445	-54.10335	16.65834	1.890992	1.396379	1.730746
2760	-30.4418	-50.7305	20.2887	1.25357	0.0687263	1.048115
2766	-33.11752	-52.38253	19.26502	1.486687	0.4490718	0.7365034
2772	-29.53249	-49.99092	20.45843	1.486687	0.03063273	0.8115521
2778	-33.89426	-53.92083	20.02657	1.209516	0.1775639	0.9261347
2784	-35.61558	-55.43155	19.81597	1.37451	0.1217352	1.159638
2790	-39.39966	-54.06166	14.662	2.345807	8.26045	1.126171
2796	-33.94962	-52.57527	18.62565	2.345807	0.1274991	1.324543
2802	-32.64964	-51.23285	18.58321	2.345807	0.3829052	0.639003
2808	-29.35316	-47.59131	18.23815	0.3243418	0.3829052	2.505414
2814	-27.64205	-46.83509	19.19304	0.7667345	0.08057343	2.176962
2820	-32.4331	-48.90838	16.47528	1.525329	1.254882	2.176962
2826	-32.19327	-51.31713	19.12386	0.463927	0.3190749	1.929353
2832	-34.83944	-51.49111	16.65167	1.968685	3.292725	0.288201
2838	-34.09235	-52.46968	18.37734	0.6095996	1.94587	1.09758
2844	-29.22429	-49.57748	20.35319	1.420738	0.05718783	0.8639205
2850	-34.31064	-52.99765	18.68701	0.5880413	1.362547	1.196605
2856	-25.14921	-44.82372	19.67451	0.5371919	0.1472304	1.829795
2862	-24.88379	-45.85963	20.97584	0.1244488	0.1095995	1.277177
2868	-28.87728	-50.13007	21.2528	0.398881	0.1095995	0.7028534
2874	-26.34231	-47.21128	20.86897	0.7047947	0.04455724	1.129774
2880	-29.11628	-48.44891	19.33263	0.4857113	0.4265677	1.616693
2886	-31.29584	-50.01872	18.72288	0.3302829	1.003928	1.616693
2892	-28.14672	-48.28289	20.13617	0.562711	0.08049065	1.677195
2898	-24.84558	-45.12073	20.27515	1.564794	0.06484203	0.723038
2904	-32.84283	-52.94007	20.09724	1.329404	0.02012002	1.33602
2910	-30.2802	-49.64074	19.36054	1.535418	0.412235	0.5700712
2916	-28.54629	-48.06595	19.51967	0.2237631	0.1071771	2.241914
2922	-28.09778	-47.61472	19.51694	0.6098966	0.1426318	1.898991
2928	-25.19682	-45.80681	20.60999	0.3874337	0.2591819	0.9326258
2934	-27.74158	-46.64905	18.90747	1.477002	0.7538662	0.4514864
2940	-25.388	-45.75207	20.36407	0.7584222	0.1926767	0.9953651
2946	-24.41468	-44.09745	19.68277	0.3580069	0.2015678	1.826288
2952	-29.22995	-46.02719	16.79723	1.611206	3.629603	0.8993679
2958	-24.33906	-44.62593	20.28687	0.1859759	0.2842444	1.347996
2964	-25.86407	-45.02995	19.16588	0.4387767	0.4659041	1.719025
2970	-28.80425	-49.21558	20.41134	1.666672	0.01267147	0.4023767
2976	-30.54976	-51.60697	21.05721	0.7855901	0.07939268	0.5530867
2982	-35.54406	-54.23714	18.69308	0.9013457	0.426984	1.774967
2988	-37.0838	-54.11286	17.02906	2.186851	0.7978627	1.660314
2994	-38.00569	-54.71603	16.71034	1.748132	1.516409	1.731215
3000	-37.10849	-55.6909	18.58241	1.986691	0.5760041	0.696333
3006	-33.73762	-53.46324	19.72562	1.646985	0.2089067	0.4581274
3012	-32.48974	-52.28347	19.79373	0.9096619	0.08688874	1.653223
3018	-28.69881	-48.60408	19.90527	0.3226473	0.6541888	0.9838932
3024	-29.0973	-47.9473	18.85	1.292279	0.4303102	1.367628
3030	-28.50557	-46.63739	18.13182	1.834755	1.11081	0.3661038
3036	-29.5587	-50.0101	20.45139	0.4816703	0.3394004	0.784418
3042	-27.66491	-48.00203	20.33712	0.7227463	0.1302094	1.243731
3048	-29.26067	-49.67539	20.41472	0.7459158	0.1479188	1.099383
3054	-27.82207	-46.93626	19.11419	0.715014	0.1546863	2.069591
3060	-29.06131	-49.03342	19.97212	0.2278625	0.4755333	1.256248
3066	-29.2765	-47.15445	17.87795	1.119325	1.378466	1.411983
3072	-26.11199	-46.09308	19.98108	1.177531	0.2879637	0.4341274
3078	-28.97186	-47.13138	18.15952	2.232671	0.7407854	0.586871
3084	-28.8368	-47.46542	18.62862	2.55642	0.2397794	0.3044308
3090	-31.3668	-48.55312	17.18632	0.6953514	0.6220316	2.680509
3096	-31.48207	-51.71016	20.22809	1.476766	0.07572503	0.8388448
3102	-29.71054	-50.67275	20.96221	0.742646	0.07572503	0.8388448
3108	-26.24085	-45.86665	19.6258	0.7201173	0.5659964	0.992822
3114	-31.82893	-49.75055	17.92162	1.423708	1.800386	0.813674
3120	-30.7949	-49.92467	19.12977	1.559445	0.5107658	0.3671236
3126	-31.19147	-50.86405	19.67258	1.486427	0.2110988	0.2414019
3132	-32.65084	-52.09372	19.44288	1.486427	0.2054735	0.1605587
3138	-33.52737	-51.67665	18.14928	2.556042	0.50942	0.388627
3144	-29.9738	-50.65031	20.67651	0.3516883	0.2959187	0.7879564
3150	-30.81861	-51.37282	20.55421	0.3035533	0.3743449	0.7879564
3156	-31.07746	-49.02792	17.95046	2.193159	0.51649	1.246456
3162	-28.07582	-46.94188	18.86606	0.6625953	0.7425039	1.480098
3168	-27.01316	-47.41228	20.39912	0.822556	0.1023922	1.200414
3174	-33.27634	-50.96364	17.6873	1.267826	0.4786055	2.143117
3180	-28.32463	-45.52095	17.19631	1.101609	2.888233	1.278164
3186	-31.22774	-50.36464	19.1369	0.6287179	0.8920593	1.147188
3192	-25.58316	-46.71716	21.134	0.2164277	0.1163554	1.031864
3198	-26.72842	-44.97741	18.24899	0.6272189	0.1837816	2.615277
3204	-25.1658	-45.62372	20.45792	0.6457987	0.1794592	1.053923
3210	-28.2641	-49.47997	21.21587	0.6622451	0.06893925	0.4082589
3216	-30.51979	-49.18515	18.66536	1.586064	0.04445022	2.101541
3222	-26.81309	-47.42572	20.61263	0.8343298	0.1242967	0.8993334
3228	-25.02094	-44.28809	19.26715	1.37384	0.06857254	1.757604
3234	-24.33967	-44.181	19.84133	0.4500034	0.06857254	1.99604
3240	-30.22171	-47.25862	17.03691	1.17331	0.8710387	2.279832
3246	-23.75576	-44.44623	20.69047	1.17331	0.07543843	0.4642193
3252	-25.48332	-45.56021	20.07689	1.021426	0.275531	0.7580842
3258	-24.8078	-45.21715	20.40935	0.9453124	0.2123587	0.5802507
3264	-28.4558	-47.61921	19.16341	0.9597215	0.01838783	2.248643
3270	-27.63564	-47.71466	20.07902	0.6002639	0.04949532	1.796583
3276	-28.20186	-48.83377	20.63192	0.1485249	0.02796138	1.796583
3282	-30.06472	-51.19086	21.12614	0.4045098	0.02796138	1.23344
3288	-30.30078	-50.52634	20.22557	1.300759	0.07992569	1.012349
3294	-32.39144	-52.83335	20.44191	0.688424	0.1048036	1.26871
3300	-35.98428	-55.61161	19.62732	1.640645	0.2338267	0.6511934
3306	-29.1238	-48.25936	19.13556	1.037753	0.4181227	1.360949
3312	-33.49821	-50.43675	16.93854	2.066824	0.470982	2.118832
3318	-27.21319	-46.94892	19.73574	0.9960798	0.2137069	1.288698
3324	-25.12005	-45.62564	20.50559	1.47056	0.02112336	0.8108848
3330	-29.34258	-48.71405	19.37147	1.512548	0.3052969	0.9343267
3336	-28.10834	-48.05807	19.94973	1.512548	0.1624245	0.692455
3342	-26.00931	-46.58793	20.57862	1.373322	0.04594448	0.692455
3348	-33.1055	-50.95525	17.84975	0.3336517	0.5296109	2.579746
3354	-31.37648	-51.61957	20.24309	0.2988014	0.3268515	1.210647
3360	-27.58971	-47.31617	19.72647	0.6131123	0.2004754	1.617955
3366	-24.991	-44.57224	19.58124	0.7776688	0.2207453	1.560972
3372	-25.52422	-44.9566	19.43238	1.812912	0.2443665	0.3830342
3378	-26.24112	-45.83446	19.59334	1.812912	0.1730193	0.325429
3384	-31.90804	-51.63432	19.72628	1.130996	0.08880958	0.08437142
3390	-27.32883	-46.93637	19.60754	1.199669	0.4317357	0.6964202
3396	-26.58039	-47.20228	20.62189	0.5591337	0.2561879	0.7041913
3402	-28.7738	-48.6789	19.9051	1.186557	0.2923899	0.7041913
3408	-29.55996	-50.01943	20.45947	1.456595	0.06265588	0.5807794
3414	-32.35001	-51.70722	19.35721	1.277396	0.01100571	1.889751
3420	-23.63475	-44.82275	21.18801	0.01528312	0.03961651	1.453025
3426	-27.10969	-46.78896	19.67927	0.2669683	0.2972326	1.716774
3432	-27.52058	-45.84284	18.32225	0.8319615	0.7829324	1.716774
3438	-25.17942	-45.25757	20.07815	0.7541537	0.2321314	1.160041
3444	-29.45061	-47.31517	17.86456	1.299913	0.2717669	2.280283
3450	-28.86293	-46.6414	17.77847	0.6849607	0.6631912	2.280283
3456	-26.9905	-46.98215	19.99165	1.014206	0.2164306	1.041104
3462	-25.6138	-46.51602	20.90222	0.9286198	0.07896581	0.4083167
3468	-27.15568	-47.06607	19.9104	1.637569	0.1482847	0.6130114
3474	-26.49113	-47.02291	20.53179	0.9968255	0.1538263	0.6130114
3480	-29.84953	-48.57108	18.72155	1.179711	1.208007	0.6130114
3486	-35.22858	-51.39874	16.17016	1.818738	5.151699	0.8295106
3492	-29.79241	-49.25367	19.46126	1.517923	0.1692501	1.195854
3498	-30.185	-49.40433	19.21933	1.517923	0.4754207	0.6830562
3504	-29.98197	-47.87678	17.89481	1.517923	0.4511792	1.870005
3510	-31.4212	-49.23749	17.81628	0.9901737	1.260028	1.625961
3516	-27.55014	-47.63511	20.08497	1.514071	0.1346353	0.608165
3522	-24.90653	-44.33549	19.42895	1.219685	0.4688643	0.8310704
3528	-24.89119	-45.11465	20.22346	0.1255714	0.130275	1.777597
3534	-25.7308	-46.0754	20.3446	0.3264836	0.2376591	1.283851
3540	-26.51525	-46.44943	19.93418	0.3147132	0.3193834	1.458601
3546	-28.74242	-46.28752	17.54511	1.644631	2.212143	0.352631
3552	-30.89163	-49.24025	18.34862	1.454848	1.173445	0.8264048
3558	-32.99961	-51.99613	18.99652	2.197432	0.2767814	0.5256697
3564	-32.89782	-51.67889	18.78106	1.055271	0.1390437	2.10137
3570	-27.20377	-46.62615	19.42238	0.3003488	0.4381378	1.670203
3576	-31.92525	-50.11769	18.19244	0.6833583	0.4000915	2.28617
3582	-30.90814	-50.87085	19.96271	0.6733767	0.1596961	1.494959
3588	-33.91034	-53.70562	19.79527	0.7925418	0.1813022	1.478057
3594	-34.41614	-53.88517	19.46903	1.81931	0.2335056	0.6030001
3600	-39.02675	-56.01354	16.98679	1.973645	2.467186	0.8278617
3606	-42.97539	-60.95244	17.97704	1.973645	0.6229242	1.273088
3612	-39.85548	-59.00015	19.14467	1.566586	0.2654805	1.189264
3618	-36.10685	-55.82059	19.71374	1.566586	0.1122036	1.113143
3624	-36.82343	-56.89269	20.06926	1.465712	0.0559794	1.113143
3630	-41.71445	-56.81103	15.09659	3.345464	2.806847	1.187228
3636	-34.85043	-52.69318	17.84275	1.999765	0.5354897	1.46139
3642	-36.50509	-55.85903	19.35393	1.974875	0.10861	1.082039
3648	-41.14105	-58.68436	17.54332	1.524494	0.9633888	1.635756
3654	-30.95175	-51.87923	20.92748	0.6305535	0.1115622	0.8270406
3660	-28.25321	-48.22957	19.97637	1.030607	0.3267264	0.7147692
3666	-35.74602	-52.42824	16.68222	0.1871824	0.6579253	3.259513
3672	-30.58705	-49.23307	18.64602	0.1997399	0.6579253	2.036048
3678	-29.68484	-46.00479	16.31995	0.3681404	0.5042804	3.500464
3684	-23.90316	-43.88609	19.98293	0.3492835	0.1476469	1.745105
3690	-25.76669	-46.458	20.69131	0.2608826	0.3256333	0.7991797
3696	-30.76712	-46.50489	15.73776	2.517514	4.526164	0.7057178
3702	-31.98166	-52.12559	20.14392	1.353089	0.1233955	0.8447277
3708	-31.17152	-50.98817	19.81665	1.061573	0.1233955	1.410448
3714	-39.84912	-56.90343	17.05431	1.061573	0.8117142	2.382837
3720	-30.73034	-48.9623	18.23196	0.09999096	0.2546065	2.825455
3726	-31.3584	-50.33843	18.98003	0.04579328	1.633602	1.23873
3732	-25.75516	-46.31775	20.56259	0.3141713	0.2065542	1.184415
3738	-28.26444	-48.55006	20.28562	1.657336	0.03722861	0.2997965
3744	-28.96942	-49.76532	20.7959	1.025975	0.07463129	0.6720759
3750	-25.09223	-45.85815	20.76592	1.070068	0.01158361	0.9463763
3756	-30.55554	-50.09253	19.53698	2.232129	0.09616271	0.4561162
3762	-26.52561	-46.96555	20.43994	1.624474	0.0290815	0.6223586
3768	-23.98905	-43.65408	19.66503	1.516891	0.2765718	0.4214288
3774	-24.73108	-45.33632	20.60524	1.065327	0.1211972	0.5034049
3780	-31.04247	-48.97044	17.92797	0.8447511	0.2895802	2.500621
3786	-28.84513	-48.50801	19.66288	0.8447511	0.1753814	1.552003
3792	-25.76511	-46.25509	20.48998	0.6529267	0.1192207	1.209304
3798	-29.00189	-48.16401	19.16212	1.184707	0.2601448	1.491445
3804	-24.18887	-45.40213	21.21326	0.3922892	0.07352206	0.9623622
3810	-24.39586	-44.96809	20.57224	1.064964	0.1255159	0.5970162
3816	-26.07941	-46.77327	20.69386	1.333097	0.03726496	0.6251658
3822	-38.14034	-54.68964	16.5493	3.179522	1.449062	0.5016546
3828	-36.12375	-53.94303	17.81928	2.270677	0.6678504	1.098873
3834	-32.07493	-51.27902	19.20409	2.567968	0.08428205	0.3536002
3840	-32.23297	-50.68948	18.45651	3.064421	0.1601316	0.5674709
3846	-35.4927	-52.8357	17.343	3.47826	0.3546105	0.2475641
3852	-29.7311	-49.68023	19.94912	1.57513	0.1458075	0.6841495
3858	-31.80555	-51.02498	19.21943	1.34569	0.4912911	0.8854403
3864	-30.81912	-49.07052	18.2514	1.244223	1.079814	1.216433
3870	-32.44378	-52.21262	19.76884	0.8518474	0.104162	1.658967
3876	-27.37606	-46.98454	19.60848	0.4028483	0.1625756	1.930261
3882	-27.38098	-46.68738	19.3064	0.777373	0.1417578	1.930261
3888	-30.7136	-49.9048	19.1912	0.4117173	0.2899449	1.964417
3894	-33.09444	-51.83221	18.73777	1.106488	0.1644175	2.037828
3900	-31.02444	-50.73138	19.70694	1.106488	0.08144857	1.5915
3906	-34.90265	-55.646	20.74335	0.2528049	0.04391901	1.5915
3912	-30.71845	-51.1999	20.48146	0.9624395	0.04243409	1.250916
3918	-30.61262	-48.93681	18.32419	0.2394354	0.3006059	2.614445
3924	-25.15628	-44.64491	19.48863	0.3650321	0.4118947	1.61095
3930	-26.86735	-47.35148	20.48413	0.1596827	0.0324647	1.877684
3936	-28.25277	-48.74195	20.48918	1.359011	0.07848218	0.4561795
3942	-33.83898	-52.66932	18.83035	0.7692588	0.3810488	1.83225
3948	-28.68784	-46.64263	17.95479	0.8395798	1.286487	1.618769
3954	-30.46255	-50.03303	19.57048	2.277277	0.06407315	0.7163919
3960	-28.26432	-48.73407	20.46975	0.8912244	0.06831886	1.21265
3966	-30.42538	-49.11609	18.69071	1.119252	0.6657092	1.339208
3972	-33.00786	-53.2781	20.27023	0.9690905	0.06833657	1.313305
3978	-29.4606	-49.3257	19.8651	0.7748462	0.4787953	0.8204768
3984	-30.75553	-50.3771	19.62156	1.433943	0.09426606	1.365168
3990	-33.7682	-51.42606	17.65786	1.929277	1.541669	0.716982
3996	-30.3727	-50.97427	20.60157	0.4819413	0.2037217	1.001172
4002	-25.6193	-45.47772	19.85842	1.819041	0.04470053	1.032599
4008	-25.3999	-46.03946	20.63956	1.079614	0.03615243	1.032599
4014	-27.56448	-47.79646	20.23198	0.06058161	0.008738293	2.094096
4020	-25.19227	-45.13483	19.94256	0.3557481	0.0874836	1.932468
4026	-27.58639	-46.47423	18.88784	1.085421	1.146673	0.4541547
4032	-24.57647	-45.11613	20.53966	1.034824	0.1156419	0.7837202
4038	-25.1181	-44.64679	19.52868	1.034824	0.2898994	1.263536
4044	-24.67658	-45.07833	20.40176	0.9606172	0.06294491	1.233562
4050	-26.76219	-46.58594	19.82375	0.9606172	0.3578946	0.9176857
4056	-32.9364	-51.99495	19.05855	0.668111	0.7507561	1.317958
4062	-29.87423	-50.493	20.61878	0.2554701	0.1888518	1.232003
4068	-32.37258	-49.49438	17.12181	0.5900894	0.2459407	3.210711
4074	-30.35733	-50.40626	20.04894	0.2190707	0.4687414	1.208846
4080	-27.20398	-48.94865	21.74468	0.01872969	0.02204524	1.041551
4086	-25.14836	-45.14217	19.99381	0.1149359	0.2427685	1.697957
4092	-31.82147	-51.51411	19.69264	0.1371432	0.5982561	1.398074
4098	-34.99144	-54.91028	19.91885	0.006544094	0.1642013	1.984319
4104	-34.10017	-51.89588	17.79571	1.144642	1.823209	1.205457
4110	-31.62038	-52.63208	21.0117	0.2198121	0.01311823	1.477509
4116	-24.93629	-43.51376	18.57746	0.4918085	0.2430552	2.387782
4122	-24.13185	-42.94381	18.81197	0.09632471	0.1264106	2.717526
4128	-24.54507	-45.14257	20.59751	0.3284103	0.2615022	1.000599
4134	-26.50815	-46.01197	19.50382	0.9137116	0.2615022	1.435112
4140	-26.34362	-45.83582	19.4922	0.6699658	0.4734567	1.290316
4146	-28.06856	-48.65354	20.58498	0.9268923	0.04510062	1.181928
4152	-26.49368	-47.63518	21.1415	0.8350745	0.0350542	0.7395943
4158	-29.50535	-48.63616	19.13082	1.624554	0.4781875	0.6357289
4164	-30.10967	-50.68146	20.57179	0.9821797	0.05862048	1.083638
4170	-31.99045	-50.80913	18.81868	0.8838981	0.2989511	1.88273
4176	-33.9467	-51.90938	17.96267	2.279906	0.7486499	0.2716604
4182	-29.99706	-47.12963	17.13257	2.718619	0.7069689	0.1316969
4188	-28.93152	-45.52441	16.59289	2.262291	3.017204	0.4516792
4194	-36.13354	-54.67225	18.53871	1.708971	0.8726726	0.5406564
4200	-26.02342	-46.37942	20.356	0.5138146	0.05121175	1.656379
4206	-28.96722	-48.9557	19.98848	0.8587187	0.2707814	1.054556
4212	-25.86365	-46.9694	21.10574	0.1953625	0.1030335	1.128439
4218	-23.53243	-43.85705	20.32462	0.1343763	0.01116898	2.009099
4224	-26.80025	-46.51515	19.7149	4.082791e-05	0.01586601	2.505538
4230	-25.8941	-45.20021	19.30611	0.0002244045	0.08749687	2.571218
4236	-25.75957	-46.38312	20.62354	3.99601e-05	0.09166214	1.695028
4242	-24.653	-45.90512	21.25211	0.0008909285	0.004380084	1.270204
4248	-26.34494	-47.30997	20.96504	0.260911	0.01727914	1.491879
4254	-29.40894	-50.1814	20.77246	0.3070991	0.2754585	0.7849897
4260	-26.44035	-47.83526	21.39491	0.07338956	0.08153584	1.061252
4266	-27.02016	-46.68539	19.66524	0.06949386	0.1583389	2.123405
4272	-33.761	-53.17788	19.41689	0.2083347	0.1583389	2.194663
4278	-31.37764	-50.70319	19.32555	0.01470931	0.2548506	2.194663
4284	-33.3	-50.84033	17.54034	0.03550136	1.076199	2.547661
4290	-30.82965	-50.27955	19.4499	0.1815148	0.6352936	1.50905
4296	-33.51704	-51.35598	17.83894	1.039514	1.367236	1.50905
4302	-29.11274	-48.43796	19.32522	0.3642002	0.643014	1.4572
4308	-29.49181	-47.64926	18.15746	0.9100898	1.80033	1.106104
4314	-34.72885	-51.40066	16.67181	1.504158	2.456635	1.52972
4320	-30.33336	-50.49263	20.15927	0.5184464	0.268538	1.211438
4326	-30.93244	-50.27003	19.33759	1.945087	0.07580672	1.248626
4332	-30.58538	-51.96082	21.37544	0.1117043	0.01718568	1.287616
4338	-32.28508	-52.02603	19.74095	0.7347484	0.1074678	1.751856
4344	-35.39672	-54.8446	19.44788	0.1337843	0.06675332	2.459704
4350	-31.78563	-50.23536	18.44973	0.9849534	0.4834617	1.816554
4356	-24.38624	-45.69024	21.30401	0.5175455	0.01276513	0.9718443
4362	-27.6787	-48.77895	21.10025	0.7389389	0.04899368	0.8344534
4368	-31.39823	-50.44666	19.04843	2.795747	0.04899368	0.8281993
4374	-31.39556	-50.12207	18.72651	2.055876	0.3212376	1.002088
4380	-30.51945	-50.65171	20.13227	0.8200343	0.332453	0.7785945
4386	-27.40394	-47.33211	19.92816	1.735884	0.0693504	0.921184
4392	-23.23767	-43.6819	20.44423	1.178264	0.127362	0.3976131
4398	-23.29819	-43.71381	20.41562	0.6909445	0.09281805	1.329588
4404	-24.47882	-44.76176	20.28294	1.058106	0.03660276	1.357318
4410	-27.43631	-47.83866	20.40235	1.554453	0.01905646	0.8384442
4416	-33.17331	-51.89053	18.71722	1.199774	0.7099083	1.202881
4422	-27.06645	-48.59769	21.53124	0.4462924	0.02225358	0.8062004
4428	-32.23404	-50.18378	17.94975	1.186705	2.15638	0.8108858
4434	-33.98462	-51.59899	17.61437	3.417937	0.2836297	0.8212043
4440	-35.60859	-50.62571	15.01711	2.078708	5.666581	1.506782
4446	-35.00968	-51.05142	16.04174	1.959578	5.305377	0.7563825
4452	-29.75137	-48.12435	18.37299	1.621819	0.7103884	1.134328
4458	-26.62114	-46.83787	20.21672	0.9152463	0.1451187	1.134328
4464	-26.58096	-46.16829	19.58733	1.563883	0.260413	0.3212176
4470	-28.7625	-47.82073	19.05823	1.095739	0.8580539	0.7769572
4476	-25.97387	-46.59409	20.62022	0.1342501	0.08127743	1.634793
4482	-33.24072	-52.78391	19.54319	0.8319244	0.5780226	0.94393
4488	-32.67135	-52.37337	19.70202	1.66591	0.1806477	0.7494848
4494	-29.67741	-50.7478	21.07039	0.308022	0.0806637	1.14708
4500	-26.5872	-46.42745	19.84025	1.295625	0.296243	0.583752
4506	-22.54886	-43.61671	21.06785	0.3799732	0.08229503	1.077225
4512	-28.52853	-47.00544	18.47691	0.3765562	0.31896	2.407303
4518	-30.86376	-49.23204	18.36829	1.609662	1.058784	0.7298514
4524	-30.58431	-50.65023	20.06592	0.7019124	0.4893172	0.498412
4530	-38.2155	-56.56991	18.35441	0.3565433	0.2300763	2.633457
4536	-34.67724	-53.36094	18.68371	1.008907	0.2010455	2.061795
4542	-34.55937	-53.56919	19.00983	0.2981772	0.1563278	2.401806
4548	-30.92236	-50.26572	19.34336	1.147966	0.1771058	1.559934
4554	-30.55178	-49.1623	18.61052	1.433578	0.848944	0.9233009
4560	-31.9537	-47.77768	15.82398	1.794644	5.12526	1.204958
4566	-23.14699	-43.94901	20.80202	1.295576	0.02494682	0.5633926
4572	-25.32318	-45.36007	20.03689	0.5905745	0.2911424	1.207327
4578	-26.56329	-46.79956	20.23627	0.2721363	0.2643418	1.358734
4584	-29.77332	-49.47529	19.70197	0.1899609	0.4382686	1.547254
4590	-26.21032	-46.9789	20.76859	0.003929032	0.08507412	1.609266
4596	-29.43248	-48.67477	19.24229	0.04698076	0.3111042	2.139243
4602	-28.80495	-47.39282	18.58787	0.7190627	0.3111042	2.127707
4608	-29.52874	-49.30602	19.77729	1.951528	0.09243136	0.3455143
4614	-32.50554	-51.19413	18.68859	1.911803	0.5160247	0.7911722
4620	-30.31243	-48.28196	17.96952	0.8573502	1.510974	1.465778
4626	-30.64719	-48.89017	18.24298	1.638571	0.8221388	1.113595
4632	-33.33398	-50.69337	17.35938	1.920907	2.146094	0.4925485
4638	-33.11054	-51.43261	18.32206	0.7881158	2.146094	0.851034
4644	-28.46367	-48.8703	20.40663	0.5564798	0.08542032	1.466866
4650	-25.9594	-46.767	20.8076	0.2774633	0.05968146	1.466866
4656	-28.63197	-48.92403	20.29206	0.8743453	0.007727722	1.466866
4662	-27.80742	-46.46076	18.65333	0.7061174	0.2768811	2.146182
4668	-28.04811	-46.90409	18.85597	0.9959127	0.2152585	1.927815
4674	-28.19384	-47.35518	19.16134	1.235528	0.3381687	1.310427
4680	-32.40841	-49.29887	16.89046	1.215615	0.1569018	3.134988
4686	-37.20091	-51.22986	14.02895	3.255663	9.092371	0.5942411
4692	-34.7475	-54.21824	19.47074	1.550544	0.3321562	0.6673131
4698	-33.27069	-53.00391	19.73322	1.03931	0.2658324	1.134704
4704	-24.86877	-44.13546	19.26669	0.1674342	0.2699509	2.108573
4710	-29.4489	-50.23625	20.78735	0.1248453	0.03371196	1.687228
4716	-27.4537	-47.92835	20.47465	0.8356404	0.02356252	1.42195
4722	-33.32672	-52.8148	19.48808	2.358369	0.07919835	0.4654153
4728	-31.09629	-51.0444	19.94811	2.089577	0.03462662	0.6292042
4734	-24.20623	-45.17683	20.9706	0.50578	0.04589651	1.209018
4740	-25.87981	-46.47084	20.59103	1.060289	0.125869	0.5251513
4746	-29.86773	-46.92253	17.0548	2.132715	1.459575	1.207598
4752	-25.82354	-45.62739	19.80385	2.000151	0.065362	0.7734343
4758	-23.78304	-44.32839	20.54535	0.5384977	0.216852	0.9619862
4764	-26.40188	-46.59704	20.19516	0.4961093	0.3080388	1.116711
4770	-26.62111	-46.53822	19.91711	0.7344061	0.2793053	1.211108
4776	-30.2606	-49.87519	19.61458	0.5139724	0.2793053	1.617155
4782	-29.50723	-49.56483	20.0576	0.5487637	0.1353484	1.58081
4788	-30.72055	-50.63952	19.91897	0.2265328	0.02594285	2.224481
4794	-24.61179	-45.50601	20.89422	0.5283291	0.05404235	1.220047
4800	-24.91113	-45.12878	20.21766	1.091342	0.2323053	0.4748547
4806	-28.18429	-46.87911	18.69482	0.2710371	1.044153	1.651128
4812	-30.08543	-51.88097	21.79554	0.0149866	0.05671552	0.8218119
4818	-29.82349	-50.19263	20.36914	0.6987	0.2681669	0.8243646
4824	-35.06429	-51.42056	16.35628	1.311123	2.401848	1.908362
4830	-33.56894	-52.47455	18.90561	1.000123	0.2629709	1.803354
4836	-37.30165	-55.33765	18.03601	2.378316	0.04043086	2.007024
4842	-38.9967	-57.93138	18.93468	2.1813	0.3087273	0.5436387
4848	-35.25303	-54.70016	19.44713	1.996406	0.1841691	0.5637341
4854	-30.73271	-50.59154	19.85883	0.652843	0.20518	1.480569
4860	-29.38762	-49.71257	20.32496	0.3419865	0.1562523	1.480569
4866	-32.75431	-53.18782	20.43351	0.7125791	0.1079209	1.244928
4872	-32.54063	-52.36468	19.82405	0.2686313	0.3732796	1.490175
4878	-33.79338	-52.70751	18.91413	0.2668508	0.4799841	1.992608
4884	-33.16713	-52.68324	19.51611	2.111128	0.09716901	0.8152867
4890	-31.88224	-51.31223	19.42999	2.111128	0.1531129	0.4258588
4896	-33.64292	-52.03713	18.39422	2.278645	0.5396884	0.4228246
4902	-39.02646	-57.81425	18.78779	1.494524	0.8274337	0.4074816
4908	-35.80011	-55.69694	19.89683	1.301739	0.2008638	0.8877863
4914	-31.59602	-52.27215	20.67613	0.3427388	0.047584	1.561446
4920	-37.35963	-55.94007	18.58044	1.418548	0.5795993	1.285079
4926	-37.58541	-57.65951	20.0741	0.319182	0.2768201	1.424357
4932	-39.52355	-55.39116	15.86761	2.824069	3.409587	0.4306576
4938	-38.17484	-57.64201	19.46718	1.257936	0.4626487	0.740613
4944	-35.76782	-55.8586	20.09078	0.3089145	0.4626487	1.102044
4950	-36.11017	-56.03081	19.92065	0.8126328	0.4626487	0.7278149
4956	-36.73288	-54.02001	17.28713	0.867576	0.09304889	3.252253
4962	-33.09181	-51.79764	18.70584	1.846096	0.3271439	1.201522
4968	-33.48134	-53.8437	20.36236	1.134037	0.01501878	1.276416
4974	-28.80872	-48.05797	19.24925	0.1231508	0.08413316	2.539559
4980	-29.15447	-48.43327	19.2788	0.3114527	0.008542587	2.539559
4986	-34.36739	-53.59428	19.22689	0.2735504	0.05728456	2.539559
4992	-33.67826	-53.42812	19.74985	0.2989029	0.04012227	2.247043
4998	-34.82159	-54.59618	19.77458	2.161726	0.0326526	0.8116709
5004	-41.82935	-57.47338	15.64403	2.282894	4.849073	0.9927815
5010	-31.41336	-51.30647	19.89311	0.6766947	0.5400039	0.7807634
5016	-27.19827	-47.39908	20.20081	1.676224	0.07223082	0.4536676
5022	-31.4658	-51.562	20.0962	1.676224	0.08247717	0.6964006
5028	-40.07713	-53.87739	13.80025	1.828941	7.633256	2.213222
5034	-45.18175	-60.58829	15.40653	2.790099	4.039064	0.9734834
5040	-35.7667	-56.00992	20.24322	1.112645	0.2154337	0.4720974
5046	-36.41723	-55.9583	19.54107	1.187507	0.1814443	1.369203
5052	-32.00203	-52.36568	20.36365	0.730105	0.08448468	1.369203
5058	-33.3227	-53.06442	19.74172	1.316706	0.09242293	1.369203
5064	-35.49866	-52.44925	16.95058	1.804882	2.310942	1.122339
5070	-35.90456	-52.88113	16.97656	1.930421	2.310942	0.9774863
5076	-26.73203	-47.90468	21.17265	0.08428786	0.04639495	1.385681
5082	-30.92487	-49.96237	19.03751	0.1541959	0.2812819	2.247823
5088	-26.29414	-46.65163	20.3575	1.203921	0.09997017	0.8809448
5094	-28.36205	-48.954	20.59195	1.203921	0.0907912	0.4808755
5100	-29.67888	-50.95591	21.27703	0.7147022	0.02412381	0.7805843
5106	-30.58103	-48.0906	17.50957	1.242327	1.061869	1.789955
5112	-27.76029	-48.23472	20.47444	1.43454	0.04619171	0.7595829
5118	-31.23198	-50.19118	18.9592	1.262388	0.07049058	2.036298
5124	-34.68822	-50.74345	16.05523	1.52524	5.24832	1.208936
5130	-26.86796	-47.02496	20.15701	1.833813	0.0491773	0.455625
5136	-27.09386	-47.1719	20.07804	0.763461	0.4464232	0.5179083
5142	-29.23787	-48.836	19.59813	1.351072	0.2825136	0.9219904
5148	-29.488	-48.30547	18.81746	1.321341	0.7691056	0.9219904
5154	-25.77383	-45.72073	19.94691	0.4133785	0.434691	1.181459
5160	-23.84858	-43.24546	19.39688	1.126269	0.5589623	0.8042213
5166	-22.84702	-42.07224	19.22523	0.5833705	0.1396945	2.117995
5172	-26.2472	-45.04961	18.80242	0.8066629	0.3475861	1.872802
5178	-25.748	-46.11001	20.36201	0.849969	0.1988056	0.8794254
5184	-24.38244	-45.04387	20.66143	0.8843914	0.0908095	0.9421222
5190	-21.48512	-41.47553	19.9904	0.588516	0.3190906	1.193709
5196	-22.83999	-43.65104	20.81105	0.2032861	0.1308237	1.279529
5202	-33.23196	-51.0602	17.82824	1.00008	1.839209	1.290542
5208	-26.76103	-46.58606	19.82502	0.2226141	0.01877685	2.296989
5214	-27.87432	-48.58232	20.708	0.5349743	0.03154222	1.451335
5220	-26.12109	-45.47961	19.35852	0.4717966	0.3352282	1.738099
5226	-26.4526	-46.15808	19.70547	1.52921	0.2564676	0.5799268
5232	-25.04832	-45.7216	20.67328	0.8674264	0.04525788	1.156054
5238	-30.14586	-49.29786	19.152	1.634251	0.2698584	1.113268
5244	-32.41445	-52.12517	19.71072	1.251189	0.204921	1.113268
5250	-33.91715	-51.55437	17.63722	0.6618535	0.204921	2.928232
5256	-29.17196	-47.67863	18.50668	1.646288	0.9637223	0.5197652
5262	-31.47158	-50.41901	18.94743	1.644973	0.487323	0.8613177
5268	-31.94742	-51.39156	19.44414	1.369852	0.0317271	1.762568
5274	-31.67351	-51.50595	19.83244	1.499212	0.2184152	0.4125915
5280	-25.28564	-44.67331	19.38766	1.46098	0.4370866	0.5752586
5286	-29.59693	-48.79879	19.20186	2.565412	0.08801636	0.6585177
5292	-28.80921	-45.99723	17.18802	2.565412	1.415561	0.5214533
5298	-30.38992	-46.02987	15.63995	2.565118	4.091111	0.2223863
5304	-32.76275	-48.77468	16.01193	2.433811	4.091111	0.5893542
5310	-27.8001	-48.42771	20.62761	0.2737173	0.09103284	1.49463
5316	-31.64916	-48.81128	17.16212	0.2844458	0.144992	3.547336
5322	-30.50968	-49.6488	19.13912	1.500501	0.4620689	0.8566265
5328	-35.3255	-50.31421	14.98872	1.380672	2.870907	2.601583
5334	-25.26234	-45.23108	19.96874	1.748625	0.1029687	0.3927947
5340	-30.54216	-47.74938	17.20721	2.69799	1.125473	0.3152071
5346	-31.81242	-49.2536	17.44118	2.825042	0.4916498	0.1513521
5352	-30.42996	-49.96665	19.53668	1.617042	0.1654928	1.049536
5358	-32.55399	-50.0832	17.5292	1.617042	1.809319	1.0266
5364	-35.83997	-53.24489	17.40492	1.535043	0.5847872	2.042388
5370	-41.69814	-57.61197	15.91383	4.467024	0.3585641	1.288395
5376	-40.58115	-58.4393	17.85815	2.726315	0.1753371	1.494918
5382	-39.73849	-57.07516	17.33667	2.786811	0.02723427	2.235761
5388	-39.66238	-59.0454	19.38302	1.556115	0.260184	0.9906907
5394	-32.79614	-52.96657	20.17043	1.481895	0.1259126	0.5051616
5400	-32.69109	-51.53142	18.84033	1.840353	0.5423136	0.4743275
5406	-37.08908	-56.30044	19.21136	1.840353	0.2953125	0.756618
5412	-40.00258	-57.83383	17.83125	1.95151	0.2254528	1.954989
5418	-36.53921	-54.80969	18.27048	0.2392303	0.08488849	3.062875
5424	-39.90379	-59.82176	19.91797	0.7489274	0.01816533	1.889839
5430	-42.59615	-61.57983	18.98369	1.087932	0.01750743	2.281534
5436	-54.24552	-65.93269	11.68717	6.147835	6.359084	0.5477936
5442	-47.41509	-65.33168	17.91659	1.190671	0.1780516	2.482836
5448	-45.45553	-63.67124	18.21571	1.067411	0.1275212	2.482836
5454	-30.90513	-51.42508	20.51995	1.113326	0.1089896	0.3202035
5460	-30.74754	-50.91499	20.16745	0.7017558	0.05475166	1.644092
5466	-31.54597	-51.82157	20.27561	0.2872615	0.09426517	1.729873
5472	-31.32994	-51.66175	20.33181	0.5608297	0.022699	1.729873
5478	-37.14192	-55.34156	18.19964	0.2042249	0.02847	3.285751
5484	-40.62877	-58.56152	17.93274	2.141139	0.2306739	1.745558
5490	-44.83622	-60.43431	15.59809	2.671505	1.339734	1.953472
5496	-40.03803	-57.73694	17.69891	1.850087	0.6426779	1.562546
5502	-34.29386	-53.70899	19.41513	2.231823	0.07874139	0.8908346
5508	-26.10836	-46.99798	20.88962	0.4986918	0.06569586	1.200145
5514	-28.27521	-47.57393	19.29872	1.166359	0.4668335	1.033699
5520	-33.2525	-52.22714	18.97464	1.356096	0.1734914	1.684451
5526	-32.3132	-51.72928	19.41609	0.9433318	0.6303286	0.8773658
5532	-30.12873	-51.14339	21.01466	0.2127121	0.2235962	0.7682923
5538	-29.35499	-47.94398	18.58899	0.7472044	0.1144652	2.481498
5544	-26.43025	-46.53148	20.10123	0.2217196	0.06947672	1.972001
5550	-29.80697	-48.17112	18.36415	0.9473231	0.4238176	1.972001
5556	-27.16995	-46.56278	19.39283	0.08505203	0.3402749	1.972001
5562	-29.30105	-50.70578	21.40473	0.2245415	0.0601705	1.00397
5568	-39.77018	-59.10488	19.3347	1.085522	0.6682371	0.7267473
5574	-38.98628	-53.79961	14.81334	1.394566	1.951256	2.985877
5580	-35.53367	-53.5459	18.01223	2.310314	0.738106	0.7378044
5586	-32.97552	-53.31089	20.33536	1.292141	0.09486182	0.2728867
5592	-32.45075	-51.7331	19.28235	0.6087681	0.07201738	2.247161
5598	-29.07227	-50.46571	21.39343	0.3230189	0.02413217	1.081019
5604	-28.1442	-47.76374	19.61954	0.4812409	0.0475404	2.189673
5610	-24.3887	-45.20221	20.81351	0.9711376	0.05345789	0.8732492
5616	-26.53725	-46.73444	20.19719	0.4325533	0.4596957	0.8732492
5622	-27.389	-44.57365	17.18465	0.7596345	0.2039583	3.142333
5628	-25.03872	-45.59869	20.55997	0.6187232	0.2039583	0.8999198
5634	-25.97961	-45.58742	19.60781	1.531448	0.288263	0.3905325
5640	-26.36409	-46.88655	20.52246	0.6841826	0.09710215	1.232259
5646	-24.82568	-45.64419	20.81851	0.3413869	0.08655111	1.308993
5652	-33.80996	-50.11533	16.30537	1.178194	2.302364	2.065519
5658	-28.66396	-47.749	19.08504	0.2054354	0.1481099	2.430876
5664	-27.08127	-47.79424	20.71296	0.3510269	0.08328509	1.396776
5670	-25.42824	-45.48163	20.05339	1.165537	0.208699	0.8360271
5676	-28.336	-46.51994	18.18394	1.525498	1.454679	0.5922166
5682	-28.77141	-47.73962	18.96821	0.6971634	0.9377739	1.192072
5688	-33.57458	-54.63369	21.0591	0.7913379	0.07452914	0.6076343
5694	-31.13427	-50.71014	19.57587	1.094341	0.09179583	1.661399
5700	-28.66366	-49.0607	20.39703	0.6324566	0.2161762	1.018841
5706	-30.88716	-50.77286	19.8857	0.5241389	0.5032387	1.027624
5712	-29.86734	-49.60873	19.74138	0.4755234	0.09860286	1.954577
5718	-31.06169	-48.76553	17.70385	1.828197	0.236457	2.10135
5724	-33.20912	-51.38172	18.17259	3.052388	0.236457	0.7178308
5730	-31.46031	-51.20553	19.74522	1.415805	0.1006289	1.25781
5736	-28.06796	-47.80348	19.73552	1.31554	0.3386152	0.533855
5742	-29.18861	-47.96073	18.77212	0.3229798	0.5819471	1.941629
5748	-29.61108	-48.32901	18.71793	0.6972678	0.3930408	1.941629
5754	-25.83518	-45.41328	19.5781	0.7282365	0.08269363	1.941629
5760	-27.04615	-46.74925	19.7031	1.11707	0.4084368	0.7461287
5766	-31.96337	-50.32778	18.36441	0.9207214	1.229333	1.28002
5772	-29.34936	-49.17053	19.82117	0.8777923	0.2291459	1.28002
5778	-29.57361	-48.94054	19.36693	1.33203	0.2291459	1.28002
5784	-28.91902	-49.32163	20.40262	0.8865615	0.1753303	0.8744676
5790	-29.59004	-49.50099	19.91095	0.8865615	0.250014	1.148563
5796	-35.36908	-54.3791	19.01002	0.4004703	0.3300759	2.031652
5802	-33.51178	-52.31879	18.80701	1.791347	0.02167049	1.933858
5808	-35.45216	-55.46039	20.00822	0.8727068	0.2159129	1.15714
5814	-26.49439	-46.3593	19.86491	0.9241056	0.4038422	0.802517
5820	-26.04414	-46.43745	20.39331	0.7169406	0.2650236	0.7784574
5826	-30.51649	-49.99427	19.47778	0.5598934	0.2015814	1.828401
5832	-32.25991	-50.6921	18.43219	0.5256412	0.3546235	2.292027
5838	-28.57979	-46.86735	18.28756	0.9580347	0.2334926	2.292027
5844	-26.13279	-45.85321	19.72042	0.6016544	0.2334926	1.562079
5850	-26.25875	-45.86179	19.60305	0.4702309	0.336291	1.562079
5856	-29.40618	-50.06009	20.65391	0.333256	0.05373199	1.562079
5862	-28.11429	-47.58308	19.46879	0.1803862	0.4582484	1.697006
5868	-27.72162	-47.46792	19.7463	0.2937469	0.9998006	0.7228369
5874	-27.33418	-47.45076	20.11658	0.2830856	0.05150998	1.979919
5880	-29.57036	-48.2407	18.67034	0.2968899	0.6310194	1.979919
5886	-32.75365	-51.04842	18.29478	1.535043	1.300107	0.5950763
5892	-32.57523	-50.98881	18.41358	1.143842	1.276348	1.001224
5898	-33.96975	-54.76924	20.79949	0.7417232	0.02261402	1.238689
5904	-28.75931	-49.70053	20.94122	0.3215042	0.0826976	1.238689
5910	-29.06537	-49.78219	20.71682	0.3588235	0.1722772	1.101657
5916	-32.27732	-51.89335	19.61603	1.476905	0.2017981	0.9974508
5922	-27.48866	-46.97656	19.4879	0.5931269	0.2333824	1.735345
5928	-38.31218	-55.41785	17.10567	0.8954246	0.7425223	2.507442
5934	-34.13383	-51.37627	17.24244	0.8657301	0.2294428	3.00105
5940	-29.12234	-48.51107	19.38873	1.062547	0.6476564	0.7218237
5946	-27.90718	-47.53857	19.63139	2.026635	0.1197293	0.601858
5952	-29.26043	-49.77735	20.51692	0.1954173	0.182633	1.379017
5958	-30.81203	-51.2793	20.46727	0.09463747	0.1644325	1.538413
5964	-28.16463	-48.2569	20.09226	1.151564	0.01570935	1.476495
5970	-33.79222	-53.22696	19.43475	1.342618	0.01574289	1.812204
5976	-30.63912	-51.31432	20.6752	1.312399	0.04941862	0.5577464
5982	-34.64746	-52.67488	18.02742	2.292242	0.4669674	0.1538585
5988	-34.64827	-53.85917	19.2109	1.982317	0.2730972	0.5781673
5994	-35.3596	-54.91066	19.55106	0.05936624	0.3547079	1.861658
6000	-29.66567	-49.76009	20.09441	0.3430436	0.1776212	1.598145
6006	-29.37546	-49.35933	19.98388	0.7975992	0.08648495	1.598145
6012	-33.58978	-50.37189	16.78212	1.695034	2.73205	1.186182
6018	-36.13553	-53.436	17.30047	1.886352	1.368742	1.266761
6024	-38.82653	-56.94519	18.11866	1.19784	0.5049924	1.873001
6030	-36.11801	-53.65639	17.53838	2.602243	0.5049924	1.264512
6036	-28.8765	-48.59563	19.71912	0.890842	0.1620999	1.508457
6042	-30.25735	-49.58712	19.32977	1.531267	0.4115874	0.6656212
6048	-32.91153	-52.04496	19.13344	0.3421559	0.5229499	1.74289
6054	-28.53709	-48.33012	19.79303	0.4750887	0.5229499	1.129938
6060	-30.29642	-49.04167	18.74525	0.6226118	1.192557	1.237789
6066	-25.38505	-46.07135	20.6863	0.2057833	0.08141903	1.533765
6072	-30.24981	-48.62928	18.37947	0.7413745	1.998741	0.9345474
6078	-29.86516	-49.81487	19.9497	1.014474	0.08577364	1.464845
6084	-29.84065	-50.45781	20.61717	1.110367	0.1059053	0.4540442
6090	-32.9547	-51.62261	18.6679	1.852001	0.6461724	0.4329292
6096	-32.98419	-51.42429	18.4401	1.349598	0.777406	1.239474
6102	-38.46809	-55.89427	17.42618	1.813518	1.886567	0.8770229
6108	-37.80569	-52.26116	14.45547	3.044326	7.89612	0.4132898
6114	-39.65247	-54.59001	14.93754	3.082912	5.081734	0.2795672
6120	-41.73802	-57.91127	16.17325	3.936841	0.8258442	0.2497625
6126	-38.97327	-55.86301	16.88974	2.672886	1.630805	0.6449767
6132	-45.59649	-64.50302	18.90653	0.1109392	0.3138839	2.310495
6138	-41.39924	-58.54093	17.14169	1.247873	1.059422	2.036913
6144	-38.98739	-58.67328	19.68589	1.379049	0.09307265	1.361824
6150	-37.27491	-54.43446	17.15956	1.425843	1.554591	1.621138
6156	-33.88982	-52.88994	19.00011	0.5282647	0.25693	2.068268
6162	-30.02142	-48.44332	18.4219	0.2482193	0.25693	2.614595
6168	-29.12465	-49.99802	20.87338	0.09589325	0.276554	0.9159091
6174	-29.32778	-49.71391	20.38613	0.3504736	0.06311612	1.709039
6180	-33.29739	-49.02938	15.73199	0.7662403	1.3391	3.064557
6186	-23.34475	-44.20108	20.85633	0.2662198	0.1010781	1.287932
6192	-27.21527	-47.00432	19.78905	1.046134	0.2289262	1.165239
6198	-29.55057	-48.10835	18.55778	0.09843079	0.5236726	2.288089
6204	-34.04403	-49.6927	15.64867	2.186815	6.253687	0.3904113
6210	-26.69147	-45.83085	19.13938	1.689258	0.410852	0.3267398
6216	-28.2247	-45.68012	17.45543	1.762972	2.24199	0.5729245
6222	-24.97672	-45.19272	20.21601	0.2424631	0.2369731	1.452947
6228	-27.63891	-48.41243	20.77353	0.2724966	0.2451442	0.9194785
6234	-28.29889	-47.87442	19.57552	0.3372747	0.5248245	1.420531
6240	-36.33821	-55.5674	19.22918	0.5089524	1.111378	0.9643112
6246	-31.23766	-48.69389	17.45623	1.375134	2.542306	0.9345931
6252	-29.27763	-46.64898	17.37135	1.845676	2.261784	0.5159892
6258	-29.94888	-49.00622	19.05733	1.845676	0.3975122	0.3871709
6264	-29.71161	-49.30987	19.59826	0.8855618	0.3167105	1.278072
6270	-29.67159	-48.39903	18.72744	0.06393989	0.1165563	2.81231
6276	-27.74092	-49.42299	21.68207	0.1475777	0.06227843	0.7582119
6282	-31.28465	-50.84038	19.55573	0.410271	0.08818784	2.150502
6288	-27.49137	-48.65706	21.16569	0.834195	0.01245898	0.7559017
6294	-27.39539	-48.34399	20.9486	1.158882	0.0223917	0.5484781
6300	-33.66538	-53.13748	19.4721	1.062443	0.3641998	1.148086
6306	-32.82957	-52.37006	19.54049	1.798063	0.08923992	1.148086
6312	-30.71036	-50.84331	20.13295	1.431309	0.06139354	1.061157
6318	-27.2722	-47.56716	20.29496	0.7971263	0.02368166	1.585246
6324	-25.8241	-46.53606	20.71196	1.134182	0.0425706	0.8650056
6330	-23.96857	-43.32299	19.35442	1.095092	0.5754377	0.8650056
6336	-27.2908	-46.17257	18.88177	1.728484	0.575698	0.6089001
6342	-27.74005	-47.64412	19.90407	0.209048	0.1919031	1.796467
6348	-24.94425	-44.75818	19.81393	0.1155144	0.2575702	1.796467
6354	-25.37689	-46.66084	21.28396	0.1406488	0.04640838	1.250484
6360	-34.30144	-53.34842	19.04698	1.027996	0.215612	1.774261
6366	-33.99429	-53.51723	19.52294	0.3842355	0.3323086	1.688311
6372	-37.64988	-54.84737	17.19748	1.660827	0.8515733	1.866699
6378	-29.97295	-48.86735	18.8944	2.24665	0.2828601	0.6537188
6384	-27.91646	-47.56079	19.64432	0.7065189	0.3846	1.269739
6390	-30.27046	-48.0929	17.82243	1.309924	2.001665	0.9201887
6396	-26.80132	-44.96682	18.16551	1.535799	1.485149	0.4832958
6402	-25.68832	-45.96309	20.27477	1.132065	0.05386878	1.234034
6408	-31.02658	-48.37042	17.34384	0.8687755	3.218471	1.234034
6414	-35.42022	-50.6772	15.25698	2.091294	8.779057	0.5587304
6420	-36.91313	-57.09615	20.18302	1.235093	0.1317132	0.9001005
6426	-36.74769	-55.15715	18.40946	1.957997	0.6213028	0.8828042
6432	-39.19272	-58.37939	19.18667	1.350727	0.06733425	1.833533
6438	-37.06052	-56.25433	19.19381	1.42526	0.2871991	1.222455
6444	-33.6024	-50.20677	16.60437	1.689913	3.604515	1.027748
6450	-33.9637	-52.52156	18.55786	1.610059	0.6658979	1.027748
6456	-33.08602	-51.04845	17.96244	1.117312	1.53194	1.253506
6462	-30.07248	-49.92763	19.85516	1.264385	0.09508219	1.31122
6468	-32.83098	-50.38884	17.55785	0.6213681	0.1895432	3.028095
6474	-35.22299	-54.17231	18.94932	0.3799987	0.8692578	1.517875
6480	-31.43436	-50.00684	18.57248	1.62748	0.8377735	0.7432535
6486	-27.63679	-46.91173	19.27494	0.4207827	0.3299056	1.839563
6492	-29.6435	-49.3403	19.6968	1.49178	0.2400437	0.7592633
6498	-29.72648	-48.58098	18.8545	0.4170241	0.03058762	2.760565
6504	-35.2895	-54.17922	18.88972	1.145676	0.2227929	1.787649
6510	-32.84693	-53.42706	20.58013	1.197427	0.09409524	0.4535581
6516	-40.33218	-56.95107	16.61889	1.197427	2.923098	1.634248
6522	-33.50179	-53.26896	19.76717	1.013364	0.1913649	1.303014
6528	-35.31588	-54.33186	19.01598	1.362831	0.3510299	1.302871
6534	-36.77895	-55.58921	18.81027	1.362831	0.4922179	1.255129
6540	-35.34922	-54.08784	18.73862	1.000279	0.8043203	1.255129
6546	-33.58474	-51.89803	18.31329	1.454674	0.3524523	1.756049
6552	-39.26559	-57.98626	18.72067	1.964907	0.08851074	1.660791
6558	-36.52139	-57.12184	20.60045	1.038579	0.06766088	0.95665
6564	-31.02162	-50.69106	19.66944	0.8054387	0.3501253	1.224955
6570	-28.36555	-47.4581	19.09254	0.7515927	0.1171034	2.150755
6576	-26.73926	-46.50142	19.76216	0.4745484	0.2379743	1.615502
6582	-31.07282	-50.38516	19.31235	1.48157	0.003446702	1.554187
6588	-33.65041	-53.30335	19.65294	1.712556	0.2043752	0.6179695
6594	-28.74442	-48.07982	19.3354	0.08687491	0.2100034	2.220974
6600	-28.00487	-49.55579	21.55092	0.1856412	0.004809008	0.8345989
6606	-27.20738	-47.16401	19.95663	0.8013258	0.01237438	1.814311
6612	-29.99531	-51.95727	21.96197	0.120654	0.02998019	0.5458973
6618	-26.73676	-47.35244	20.61568	0.6233364	0.1193365	1.12481
6624	-24.14078	-44.79328	20.6525	0.4368969	0.01613309	1.591762
6630	-28.08153	-48.25667	20.17513	1.027907	0.1891582	0.922451
6636	-31.58047	-51.91431	20.33384	1.51348	0.03159235	0.922451
6642	-33.87443	-53.24407	19.36964	1.146838	0.4273653	1.052087
6648	-28.42746	-49.64641	21.21896	0.1367941	0.0490752	1.296163
6654	-29.27517	-49.40567	20.1305	0.7627182	0.2771041	0.9943431
6660	-28.79692	-49.26648	20.46957	0.2840013	0.06897053	1.676837
6666	-27.1952	-47.902	20.7068	0.1089349	0.04959249	1.700682
6672	-24.153	-45.4101	21.25711	0.01601225	0.0472465	1.369635
6678	-22.86808	-43.6972	20.82911	0.5559335	0.01741211	1.369635
6684	-25.87986	-46.7805	20.90064	0.8441369	0.01840774	1.063384
6690	-24.3183	-46.07842	21.76012	0.005633042	0.04604874	0.9359503
6696	-27.14035	-47.58875	20.4484	0.7699701	0.2523593	0.6518423
6702	-23.17039	-43.85734	20.68695	0.6866277	0.02726902	1.363321
6708	-32.13429	-50.80048	18.66619	1.160077	1.324146	0.4946592
6714	-27.83988	-48.75463	20.91475	0.7334038	0.08204783	0.8718736
6720	-28.69886	-48.21832	19.51946	0.4700149	0.006534093	2.249197
6726	-31.77693	-52.18536	20.40843	0.9778207	0.1191755	0.9852899
6732	-37.00529	-55.20325	18.19796	0.7281586	0.2135037	2.528921
6738	-31.79174	-51.57248	19.78074	1.279062	0.2135037	0.9963575
6744	-28.02653	-47.51455	19.48802	0.5137241	0.02994254	2.307064
6750	-28.46159	-47.55595	19.09436	0.6707586	0.1048125	2.234256
6756	-33.55168	-49.82197	16.2703	0.3108607	0.299737	3.792703
6762	-26.84471	-46.37678	19.53207	1.341033	0.1203587	1.423523
6768	-30.65308	-49.09196	18.43888	1.341033	1.240184	0.7809341
6774	-24.1772	-44.50584	20.32864	1.174511	0.1495527	0.6983703
6780	-33.29794	-52.11642	18.81848	0.935719	0.4521099	1.629666
6786	-35.59275	-54.85635	19.2636	1.1057	0.1706795	1.663479
6792	-29.64072	-47.84675	18.20602	0.7640335	1.404919	1.417116
6798	-23.6821	-44.63744	20.95533	0.08113235	0.08938448	1.396883
6804	-29.45386	-47.52365	18.06979	1.026857	0.2456045	2.36617
6810	-25.42064	-44.97811	19.55747	1.161933	0.2407846	1.236842
6816	-24.93831	-44.78536	19.84705	1.674118	0.1560015	0.4019106
6822	-31.2085	-49.56623	18.35773	1.479738	1.208339	0.3204743
6828	-32.1019	-49.22364	17.12173	2.543892	1.070766	0.1798002
6834	-38.61603	-56.87454	18.25851	1.532708	0.630366	1.392354
6840	-37.02971	-53.88862	16.85891	1.32937	3.871945	1.038261
6846	-27.52027	-48.53149	21.01122	0.9189372	0.0490786	0.7031576
6852	-27.8821	-47.54111	19.65901	0.005720328	0.2368666	2.012972
6858	-34.00511	-53.61707	19.61196	0.746172	0.6851638	0.7851575
6864	-29.63148	-48.85003	19.21855	1.009715	0.7886771	0.7851575
6870	-25.85998	-47.24953	21.38955	0.3024627	0.07795212	0.8418697
6876	-29.63009	-46.99571	17.36563	0.4806744	1.499125	2.152532
6882	-25.77391	-46.13666	20.36276	1.485526	0.07065057	0.370357
6888	-23.21626	-44.16242	20.94616	0.2784098	0.1051424	1.188045
6894	-30.52102	-51.05688	20.53586	1.171533	0.1104397	0.5569306
6900	-30.59713	-49.66568	19.06855	0.668011	0.3911647	1.723068
6906	-30.36306	-49.00705	18.64399	1.754627	0.6233331	0.842305
6912	-32.59331	-52.08544	19.49213	2.160623	0.1165828	0.6463921
6918	-35.45763	-51.77589	16.31826	0.6552282	1.283122	2.805577
6924	-26.61775	-46.95031	20.33257	0.9046722	0.1654088	0.9669269
6930	-25.41994	-45.56012	20.14017	1.8256	0.02426264	0.8148289
6936	-26.40931	-45.9212	19.51189	1.388541	0.3061712	0.914256
6942	-27.94046	-46.63988	18.69942	0.2615625	0.2309155	2.476578
6948	-25.82868	-45.49537	19.66669	0.1355562	0.009522294	2.418819
6954	-29.35244	-46.72472	17.37229	1.607098	2.401993	0.8450023
6960	-25.36346	-45.35522	19.99176	0.5710494	0.4850111	0.9000661
6966	-37.07738	-50.71719	13.63981	1.824123	20.31075	1.18619
6972	-30.61615	-48.09629	17.48014	1.824123	2.098551	0.5380403
6978	-27.13136	-47.08043	19.94907	1.223913	0.1549656	1.065063
6984	-29.87088	-48.99462	19.12374	0.3980849	0.1177015	2.35638
6990	-28.78631	-49.72694	20.94063	0.7411061	0.01566338	1.118759
6996	-23.46605	-44.90436	21.4383	0.1750076	0.03901609	1.118759
7002	-22.84337	-43.93852	21.09515	0.5750768	0.02576725	1.118759
7008	-22.05764	-42.50687	20.44923	1.021199	0.08873694	1.028046
7014	-24.74707	-45.67999	20.93292	0.1372131	0.08873694	1.37279
7020	-34.97443	-54.26	19.28557	1.468467	0.4967636	0.4743838
7026	-27.64064	-49.19242	21.55178	0.5215876	0.02258774	0.6509589
7032	-28.39281	-46.40842	18.01561	0.6485359	1.395514	1.649695
7038	-25.9546	-45.55535	19.60076	1.132933	0.3690484	0.9475988
7044	-26.89426	-48.05676	21.16251	0.9425702	0.01374263	0.47264
7050	-30.77883	-50.86716	20.08833	0.7190168	0.238862	1.165921
7056	-27.20745	-47.49302	20.28557	0.8671139	0.2601934	0.3220401
7062	-28.34637	-48.32754	19.98117	0.6113181	0.1949701	1.442326
7068	-27.59133	-48.36291	20.77158	0.464059	0.1879871	0.8901304
7074	-27.69646	-47.09443	19.39797	0.6156828	0.7579606	1.062113
7080	-28.40835	-47.74011	19.33175	1.310938	0.01239457	1.893341
7086	-28.42006	-49.55822	21.13816	0.244267	0.03526538	1.32935
7092	-26.1822	-47.34583	21.16363	0.2632837	0.02427345	1.328749
7098	-27.80373	-47.36304	19.55931	0.9708375	0.2979375	1.275401
7104	-29.86344	-50.11249	20.24904	1.144822	0.02977703	1.3395
7110	-28.44646	-48.0556	19.60915	0.8882589	0.1590626	1.599023
7116	-27.14869	-47.83619	20.68749	1.354265	0.03669021	0.5911967
7122	-24.98631	-45.19956	20.21325	0.5097189	0.1420889	1.475858
7128	-27.54492	-46.99632	19.45139	0.519343	0.4485437	1.474557
7134	-31.94663	-50.91454	18.96791	0.564177	0.1561753	2.259483
7140	-38.26263	-56.92854	18.66591	2.160871	0.4539706	0.4695788
7146	-36.07199	-56.53261	20.46062	1.649614	0.01969329	0.4469778
7152	-34.17395	-52.01874	17.84479	0.6440861	1.006257	2.005411
7158	-29.257	-48.56959	19.31259	0.6732041	0.02957752	2.318186
7164	-26.55748	-45.99046	19.43298	0.09246065	0.1323912	2.318186
7170	-25.61334	-44.981	19.36766	0.6385109	0.6053584	1.247919
7176	-27.08533	-46.40399	19.31867	1.392204	0.2599762	1.201589
7182	-23.96251	-44.85017	20.88766	1.193334	0.01073817	0.5126741
7188	-35.21926	-55.4272	20.20793	1.442912	0.1262313	0.5126741
7194	-35.6826	-55.69576	20.01316	1.699472	0.1094615	0.4527032
7200	-33.19418	-53.51856	20.32438	1.699472	0.01035594	0.679881
7206	-34.43744	-53.45149	19.01405	1.699472	0.1134831	1.563992
7212	-30.02494	-50.26943	20.24449	1.087945	0.003263695	1.100971
7218	-31.50443	-51.72606	20.22163	0.1986142	0.02304862	2.050715
7224	-32.75465	-53.27765	20.523	0.8032172	0.09614523	1.132176
7230	-34.57141	-53.93479	19.36338	0.2517635	0.03481082	2.537238
7236	-31.19262	-50.75495	19.56232	0.6366177	0.005639035	2.086611
7242	-31.09094	-51.52741	20.43648	0.0549552	0.05441864	1.908331
7248	-35.60254	-54.43081	18.82827	0.1086819	0.02890827	2.967394
7254	-29.7417	-48.95269	19.21099	0.0583483	0.02890827	2.766076
7260	-31.63896	-51.75819	20.11923	0.4781228	0.1861077	1.459399
7266	-32.72031	-51.74744	19.02713	1.628342	0.1011812	1.642994
7272	-37.55801	-56.74631	19.1883	0.7252454	0.3591596	1.642994
7278	-31.85493	-52.02781	20.17287	1.68727	0.0422545	0.8500963
7284	-37.38292	-55.38666	18.00374	2.990067	0.2335032	0.2010239
7290	-49.45751	-64.55675	15.09925	3.586272	3.413476	0.5925805
7296	-46.0958	-62.67639	16.58058	4.51362	0.3189948	0.4680309
7302	-28.62559	-48.10847	19.48288	0.6303144	0.259998	1.662838
7308	-28.03383	-47.92052	19.88669	1.995424	0.06287953	0.3650854
7314	-28.04908	-46.0615	18.01241	2.070865	0.7032096	0.1832461
7320	-27.34583	-47.42924	20.0834	1.084409	0.2162107	0.8715665
7326	-23.1783	-43.98903	20.81073	0.8459872	0.02920313	1.119549
7332	-28.70559	-48.78622	20.08063	1.372399	0.1647771	0.6949208
7338	-24.18169	-44.9751	20.79341	0.8221272	0.134822	0.5417877
7344	-26.29931	-44.46598	18.16667	0.2330607	0.02113988	3.301008
7350	-30.19329	-50.31666	20.12337	0.1677018	0.07714882	1.969051
7356	-30.0459	-49.07747	19.03158	0.06361767	0.05938901	2.782667
7362	-30.76584	-50.99486	20.22902	1.670075	0.01920005	0.9060069
7368	-30.14478	-50.22679	20.08202	1.126156	0.006994633	1.417491
7374	-29.80915	-49.98997	20.18083	1.20162	0.04143131	1.305454
7380	-23.39201	-44.0004	20.60839	0.8410532	0.01276589	1.305454
7386	-21.93233	-42.98148	21.04914	0.2021476	0.02808663	1.45573
7392	-25.36972	-45.78227	20.41256	0.5456135	0.05395837	1.582505
7398	-27.30184	-47.31663	20.01479	0.5267474	0.1528072	1.582505
7404	-31.52577	-50.66856	19.14279	0.05209605	0.04156818	2.776158
7410	-27.5524	-45.69422	18.14183	0.7778825	0.09976095	2.776158
7416	-24.56869	-43.53544	18.96674	0.9514505	0.003690677	2.173798
7422	-34.26131	-50.31171	16.05039	1.448788	2.876977	1.870357
7428	-32.63142	-51.40229	18.77088	0.5104903	0.4639375	1.943833
7434	-28.05162	-48.15531	20.10369	0.1997557	0.09024439	1.920718
7440	-31.20829	-50.42857	19.22029	0.2910143	0.2938693	2.019367
7446	-29.40082	-48.83098	19.43017	1.062514	0.06281457	1.879198
7452	-26.70282	-47.26897	20.56615	0.3697443	0.08507895	1.488595
7458	-27.71911	-48.46719	20.74808	0.4977177	0.05630512	1.355356
7464	-31.44591	-51.94634	20.50043	0.5504408	0.05236518	1.519991
7470	-35.01631	-54.3883	19.37199	0.4936733	0.5561182	1.419088
7476	-33.69623	-52.34064	18.64441	1.43467	0.5226026	1.291594
7482	-25.99652	-46.89146	20.89494	0.5014659	0.004958331	1.185002
7488	-31.32699	-50.75222	19.42523	0.3930696	0.120289	2.159409
7494	-32.02397	-51.76312	19.73915	0.4733926	0.120289	1.897687
7500	-34.10701	-54.26864	20.16163	0.82737	0.120289	1.332773
7506	-32.00209	-51.54173	19.53964	1.223582	0.4495516	0.7166612
7512	-28.79429	-46.11304	17.31875	0.8943656	0.4729727	2.619254
7518	-26.05788	-47.88039	21.82251	0.2573975	0.01181732	0.5851398
7524	-24.8829	-45.20927	20.32637	0.4304209	0.03502374	1.79207
7530	-28.9312	-47.39882	18.46762	1.219892	0.4127425	1.728414
7536	-26.37827	-47.15249	20.77422	0.1761977	0.2426397	1.024853
7542	-29.56387	-49.57419	20.01033	0.05267967	0.02748343	2.274026
7548	-31.58079	-51.06229	19.48149	0.1171496	0.009316713	2.544048
7554	-27.93184	-46.30087	18.36903	1.285019	0.01629893	2.544048
7560	-31.04346	-49.81703	18.77357	0.7767616	0.5624611	1.646108
7566	-30.95863	-51.07034	20.11171	1.323932	0.1076222	0.9822904
7572	-35.72368	-53.18473	17.46104	1.323932	0.1593797	2.720393
7578	-31.52289	-49.45215	17.92926	0.6620813	0.2222375	2.720393
7584	-33.77579	-53.84722	20.07143	1.611749	0.03002432	1.092363
7590	-33.35687	-52.32676	18.96989	2.370378	0.1176169	0.1909853
7596	-35.301	-55.82908	20.52808	1.5443	0.03258394	0.4617424
7602	-35.81933	-55.0647	19.24537	2.110996	0.08843135	1.135437
7608	-35.11132	-53.62705	18.51573	1.744379	0.4852875	1.191389
7614	-27.14368	-47.60192	20.45823	0.07974191	0.217469	1.433475
7620	-30.76691	-50.40787	19.64096	1.381943	0.2349693	0.9729212
7626	-30.63602	-50.88232	20.2463	0.383226	0.4097391	0.9729212
7632	-31.5521	-51.88513	20.33303	0.9797446	0.2263195	0.4208692
7638	-31.06936	-51.33205	20.26269	0.8516737	0.1836566	1.030953
7644	-30.97775	-50.72832	19.75058	0.7682971	0.4563934	0.998709
7650	-30.91125	-51.01255	20.10129	1.047601	0.1846328	0.9938147
7656	-29.28645	-48.16978	18.88333	0.5514477	0.5071656	1.789191
7662	-28.39656	-47.67841	19.28186	0.6755203	0.2298106	1.828099
7668	-29.23741	-48.78201	19.5446	1.506451	0.3365812	0.559614
7674	-29.17796	-49.51721	20.33925	0.8473107	0.2065553	0.8822529
7680	-30.51975	-51.19461	20.67486	0.9671886	0.06515134	0.9661821
7686	-31.73491	-51.50853	19.77362	1.455905	0.2504969	0.6378174
7692	-33.36808	-51.83068	18.4626	3.127416	0.1138629	0.7719377
7698	-38.12609	-53.90847	15.78238	2.121412	5.958602	0.6329379
7704	-35.38074	-51.78444	16.4037	2.193	3.602326	0.640506
7710	-37.7894	-54.33293	16.54353	2.43012	1.047608	1.643134
7716	-34.08947	-54.93461	20.84515	0.1078193	0.1510889	1.269647
7722	-30.06117	-50.65486	20.59369	0.1622912	0.109019	1.546043
7728	-29.29907	-47.95354	18.65447	0.6295393	0.1095202	2.526591
7734	-29.33701	-49.51853	20.18152	1.348805	0.123349	0.2851385
7740	-29.28215	-50.34216	21.06001	0.4569556	0.06808194	1.074971
7746	-29.62593	-49.65548	20.02955	1.531173	0.0550032	1.094058
7752	-30.98421	-51.3453	20.36109	0.6715899	0.2341364	0.9651621
7758	-25.69475	-45.64273	19.94799	0.2116967	0.2341364	1.678271
7764	-26.88446	-46.53046	19.646	0.3284047	0.2656098	1.750938
7770	-30.8534	-49.10167	18.24827	0.07258616	0.5487588	2.47535
7776	-26.89547	-45.8357	18.94023	1.04829	0.4558412	1.451222
7782	-26.80135	-46.80167	20.00032	1.384866	0.06590472	1.201955
7788	-32.11972	-51.58606	19.46634	1.348618	0.1503313	1.382579
7794	-31.77077	-50.38367	18.6129	0.9595722	0.9006198	1.302669
7800	-30.65067	-50.39994	19.74928	1.260086	0.07988704	1.450862
7806	-36.72608	-54.56629	17.84021	1.260086	1.192847	1.450862
7812	-31.40004	-49.80105	18.40101	1.429108	0.2787382	1.828471
7818	-33.22598	-53.10212	19.87614	0.9624193	0.1259203	1.433539
7824	-43.6877	-60.77977	17.09207	1.121979	0.5204621	2.569802
7830	-27.69682	-48.59975	20.90293	0.05943369	0.04406308	1.615532
7836	-30.84006	-51.35481	20.51475	0.08610618	0.1020916	1.679317
7842	-33.15519	-53.74369	20.5885	0.1393404	0.1385416	1.481902
7848	-30.84211	-50.93406	20.09195	0.6592037	0.09740991	1.585307
7854	-30.14845	-50.3872	20.23875	0.1866507	0.0673896	1.909767
7860	-28.85004	-49.15414	20.3041	0.521469	0.03447827	1.745883
7866	-28.60279	-48.41504	19.81225	1.105397	0.01951769	1.715958
7872	-27.8721	-48.47622	20.60412	0.8266428	0.1684003	0.7126442
7878	-23.38302	-44.12007	20.73705	0.1019176	0.03815179	1.724328
7884	-24.22478	-44.77186	20.54709	1.569702	0.01883231	0.5055704
7890	-27.59923	-48.71076	21.11153	0.8328939	0.005773763	0.447495
7896	-35.15999	-54.19124	19.03124	1.118277	0.4701308	1.305255
7902	-31.3217	-51.15225	19.83056	1.118277	0.368841	0.6574791
7908	-30.95966	-51.34926	20.3896	1.186316	0.1466695	0.4979525
7914	-25.16647	-45.3308	20.16433	1.186316	0.004303896	1.182417
7920	-28.1474	-48.76116	20.61376	0.04511233	0.1056688	1.627022
7926	-23.49171	-43.72361	20.2319	0.06003849	0.004055292	1.951228
7932	-23.74491	-44.25593	20.51102	0.06206594	0.02139181	1.951228
7938	-27.52415	-47.77383	20.24968	0.01808614	0.08808651	1.951228
7944	-27.02703	-47.16854	20.14151	0.05400811	0.01053752	2.177212
7950	-27.30752	-47.33013	20.02261	0.172903	0.01053752	2.177212
7956	-27.75166	-46.80139	19.04973	0.2403243	0.04948045	2.693761
7962	-23.93174	-45.31825	21.38651	0.255265	0.02750596	1.138823
7968	-25.12036	-46.12501	21.00465	0.4832788	0.02420706	1.279428
7974	-26.24922	-47.1515	20.90227	0.6211687	0.01875408	1.258086
7980	-26.46643	-47.08127	20.61483	0.3442059	0.07178158	1.517437
7986	-23.06857	-44.0616	20.99303	0.1925713	0.002014964	1.01543
7992	-27.4154	-48.22046	20.80506	1.087124	0.03585972	0.8487437
7998	-28.00826	-49.00471	20.99645	0.3821134	0.2007382	0.4026717
8004	-26.56494	-47.4378	20.87286	0.9430791	0.03088362	0.9591764
8010	-30.45256	-49.8473	19.39474	0.835034	0.2423365	1.612065
8016	-23.94321	-45.0904	21.14719	0.1202423	0.1091957	1.135752
8022	-28.0922	-48.71934	20.62714	0.1516473	0.1091957	1.528604
8028	-23.6971	-44.41355	20.71645	0.2909736	0.05875209	1.528604
8034	-26.45901	-46.7267	20.26769	0.4417835	0.4128101	0.8796584
8040	-21.76239	-42.6332	20.87081	0.29858	0.03353478	1.500333
8046	-21.39286	-41.57227	20.17941	0.1273421	0.1474541	1.763388
8052	-27.60472	-47.77105	20.16633	0.2465925	0.3375288	1.298529
8058	-24.87951	-46.37412	21.49461	0.2570424	0.06368171	0.8521929
8064	-28.85653	-48.82404	19.96751	0.05060136	0.342631	1.592485
8070	-29.46168	-49.40114	19.93946	0.2954076	0.04827766	2.099832
8076	-27.74084	-48.76337	21.02253	0.6592468	0.04827766	1.010835
8082	-23.24865	-44.53531	21.28667	0.05952018	0.04608887	1.316044
8088	-23.92212	-43.68671	19.76459	0.08776645	0.01664646	2.42023
8094	-24.13339	-44.68143	20.54804	1.069736	0.03455391	1.133738
8100	-24.39362	-45.44753	21.05391	1.013787	0.01656573	0.6712882
8106	-27.15715	-47.1491	19.99195	1.086691	0.3205155	0.5893888
8112	-31.88216	-49.04256	17.16039	1.984816	0.5167803	1.975748
8118	-23.4792	-43.81333	20.33414	1.048383	0.02236535	1.367949
8124	-23.21309	-43.8955	20.68241	0.09021417	0.1622312	1.383771
8130	-22.5103	-43.74756	21.23726	0.7636177	0.007507013	0.5968161
8136	-27.41776	-47.49311	20.07534	1.765884	0.03390273	0.2335438
8142	-26.16223	-46.41562	20.25339	1.765884	0.03141024	0.6960855
8148	-28.68393	-48.99874	20.31481	1.718903	0.04107466	0.5296974
8154	-29.77958	-49.79901	20.01943	0.8862006	0.02358745	1.719149
8160	-28.69058	-49.1987	20.50812	0.920392	0.1010196	1.01697
8166	-27.02839	-47.78559	20.7572	0.8165725	0.003090435	0.8226414
8172	-28.97873	-48.15911	19.18039	0.7236559	0.00651388	2.303426
8178	-27.43388	-46.8009	19.36702	0.16281	0.008005623	2.569101
8184	-31.02646	-49.48636	18.4599	0.4961683	0.1143082	2.717258
8190	-30.63693	-50.17373	19.5368	1.362586	0.3995712	0.387779
8196	-24.00141	-44.0315	20.03009	0.2669485	0.06175729	2.014336
8202	-25.04133	-46.77013	21.7288	0.2058135	0.0246501	0.8523421
8208	-27.17454	-47.38919	20.21465	1.212127	0.1915895	0.4752531
8214	-28.42458	-48.95613	20.53155	0.3722367	0.1915895	1.199767
8220	-29.53927	-49.81903	20.27976	0.2495394	0.4000447	1.088366
8226	-25.79176	-46.29789	20.50613	0.4885993	0.3433441	0.6720815
8232	-31.86246	-51.37702	19.51455	0.2248649	0.1141913	2.226137
8238	-30.84657	-49.64877	18.8022	0.7924882	0.8665905	1.314894
8244	-23.83866	-45.11847	21.27981	0.3360943	0.04519322	1.088514
8250	-29.22815	-47.65013	18.42198	1.504853	0.8067695	1.088514
8256	-26.87534	-47.27094	20.3956	1.504853	0.01228785	0.8821908
8262	-26.95602	-48.26918	21.31316	0.3639259	0.07390819	0.8821908
8268	-26.72329	-47.06128	20.33799	1.522066	0.07390819	0.4219736
8274	-28.23075	-48.0444	19.81365	1.197488	0.1643846	1.182184
8280	-27.21677	-47.66101	20.44425	0.6822388	0.1317335	1.182184
8286	-32.12564	-50.23808	18.11244	0.2240803	0.3403688	2.699608
8292	-27.08558	-47.49342	20.40784	0.839433	0.1418716	1.038243
8298	-29.10266	-49.27777	20.17511	1.427962	0.1365714	0.5713956
8304	-26.18326	-46.82628	20.64302	0.3873903	0.1365714	1.248557
8310	-29.24152	-47.34474	18.10321	1.054493	0.07004372	2.712714
8316	-31.60313	-48.04873	16.4456	1.022009	0.0282077	3.831172
8322	-33.6601	-52.11121	18.45111	1.698245	0.5531521	1.192577
8328	-32.10073	-52.2682	20.16747	0.7818455	0.1884453	1.16874
8334	-35.30603	-53.48959	18.18356	1.127896	1.063142	1.379238
8340	-26.47911	-47.2058	20.72669	1.127896	0.05768181	0.7549403
8346	-30.51769	-50.41889	19.90119	0.7103205	0.07943239	1.742384
8352	-29.75461	-50.00478	20.25017	1.388769	0.07943239	0.8963046
8358	-30.09593	-49.55888	19.46296	1.740545	0.270384	0.4411336
8364	-29.47647	-48.71777	19.2413	0.3193468	0.1222392	2.320387
8370	-32.11612	-51.90248	19.78636	1.349409	0.1222392	1.205339
8376	-36.32147	-51.9457	15.62423	1.828824	3.437039	1.744055
8382	-30.90749	-49.31879	18.4113	1.694011	0.1780628	1.831718
8388	-27.34573	-47.9112	20.56547	0.1276522	0.1060108	1.601183
8394	-27.5634	-47.47415	19.91075	0.5981073	0.2595188	1.368048
8400	-26.63523	-46.1626	19.52737	0.5874739	0.4360832	1.38091
8406	-27.19752	-44.95652	17.75899	1.233329	2.36889	0.8498314
8412	-28.13863	-48.73171	20.59309	0.0922608	0.3086122	1.120876
8418	-31.89002	-52.12956	20.23953	0.1101974	0.2699584	1.470582
8424	-27.4396	-47.55447	20.11487	0.04004992	0.08130705	2.046903
8430	-25.55298	-46.03914	20.48616	0.09089429	0.2390662	1.356491
8436	-29.70286	-49.85	20.14714	0.4845965	0.3093105	1.16708
8442	-26.5049	-46.47532	19.97043	0.930452	0.1334826	1.36282
8448	-26.84439	-47.314	20.46961	0.09216996	0.1122309	1.677382
8454	-25.539	-45.18563	19.64664	0.5214343	0.5181938	1.223601
8460	-28.53346	-47.45288	18.91942	0.07648334	0.7479139	1.856368
8466	-30.20752	-49.01184	18.80432	0.7015574	0.1805943	2.224561
8472	-30.29027	-49.14942	18.85915	1.430936	0.776782	0.7135872
8478	-29.27499	-49.25971	19.98472	0.654557	0.4317968	0.9189875
8484	-32.58857	-51.9412	19.35263	2.134947	0.02267392	1.283016
8490	-32.36461	-51.6184	19.25379	1.029491	0.6701204	0.9019312
8496	-29.2111	-49.76532	20.55422	0.9350253	0.1719651	0.4807086
8502	-24.08952	-44.56063	20.47111	0.6566709	0.2228975	0.895883
8508	-26.94508	-47.71951	20.77443	0.3429785	0.2278846	0.8918977
8514	-27.0343	-46.28205	19.24775	1.260101	0.622043	0.6858791
8520	-24.52459	-45.67076	21.14617	0.09864114	0.1395701	1.048612
8526	-31.03966	-50.24449	19.20483	0.6962612	1.044642	0.8531129
8532	-26.7266	-47.19727	20.47067	0.2659455	0.3585674	0.9670732
8538	-32.59273	-54.33228	21.73955	0.1295231	0.00585868	0.7361466
8544	-26.93144	-47.30423	20.37279	1.227082	0.04522895	1.103096
8550	-30.78908	-50.4158	19.62671	0.7720638	0.04522895	2.001542
8556	-32.23535	-51.91127	19.67592	2.162728	0.04257082	0.8738221
8562	-34.31375	-53.20678	18.89304	0.8862143	0.9351059	1.093279
8568	-27.35351	-48.47523	21.12171	0.7868397	0.06612559	0.5352555
8574	-31.65416	-50.48563	18.83147	1.472491	0.0584994	2.02044
8580	-27.2803	-46.2213	18.941	1.169265	0.9922095	0.5900274
8586	-29.17765	-48.87533	19.69768	0.6270774	0.2403268	1.546493
8592	-24.81224	-44.67423	19.86199	0.9528168	0.3607325	0.8766583
8598	-26.03228	-45.44321	19.41092	1.211772	0.4315034	0.9375411
8604	-32.25898	-50.2757	18.01672	0.0931506	0.2235068	3.009916
8610	-30.51621	-50.36428	19.84807	0.2979134	0.02431438	2.227471
8616	-27.23705	-46.77631	19.53926	0.3780102	0.07294956	2.227471
8622	-29.86697	-49.22632	19.35935	1.690039	0.2960525	0.75748
8628	-30.52159	-49.39103	18.86944	1.694597	0.5219492	0.8263021
8634	-27.09375	-47.13753	20.04378	0.4174958	0.2437102	1.437011
8640	-25.94519	-46.28511	20.33993	0.3829244	0.1481618	1.459527
8646	-25.00851	-45.52831	20.5198	0.866605	0.01261541	1.355089
8652	-30.76523	-50.36847	19.60324	0.6503755	0.03832853	2.119824
8658	-29.64117	-50.27987	20.6387	1.405471	0.03734194	0.4347362
8664	-26.76192	-46.52586	19.76394	0.8110634	0.001666591	1.441185
8670	-25.99756	-46.44507	20.4475	1.252046	0.1127129	0.5498952
8676	-25.14956	-45.85819	20.70863	1.252046	0.04093987	0.7200612
8682	-31.68424	-52.25575	20.57151	0.3563213	0.2830234	0.943686
8688	-29.2379	-49.23858	20.00068	1.383907	0.03262884	1.337205
8694	-28.17741	-47.29208	19.11467	2.566312	0.03650494	0.1814555
8700	-25.48292	-43.31266	17.82974	2.893076	0.01345481	0.05114493
8706	-25.39145	-42.61922	17.22778	2.893076	0.001260957	0.07041366
8712	-25.97839	-44.64405	18.66566	2.893076	0.0553311	0.1735027
8718	-34.83079	-52.34491	17.51412	2.928048	0.2703249	0.105218
8724	-37.00632	-56.14899	19.14267	1.853742	0.3619806	0.440775
8730	-32.88882	-52.23864	19.34982	2.437896	0.01241432	1.003466
8736	-26.05582	-46.49579	20.43996	0.4302179	0.0554394	1.64092
8742	-26.01748	-46.15519	20.13771	0.2956872	0.09656627	1.813137
8748	-28.48996	-49.48289	20.99293	1.016596	0.02984938	0.7236588
8754	-30.69625	-50.45372	19.75748	0.4775995	0.02771363	2.162397
8760	-32.51687	-53.402	20.88513	0.6317573	0.005380035	1.100843
8766	-31.48203	-50.72083	19.2388	1.42567	0.327737	1.100843
8772	-29.25575	-49.53377	20.27803	1.557507	0.0816751	0.4687821
8778	-33.00225	-48.40982	15.40757	2.46065	6.147048	0.4053958
8784	-31.59733	-47.15607	15.55874	2.46065	5.611054	0.522442
8790	-24.46482	-44.44628	19.98147	0.6931823	0.1969133	1.374066
8796	-27.75769	-47.62333	19.86563	0.7239386	0.4533734	0.9308325
8802	-29.95693	-50.78355	20.82662	0.6846224	0.1063752	0.907422
8808	-33.60802	-51.9292	18.32117	0.8597462	2.008649	0.2579426
8814	-29.54307	-47.46619	17.92312	1.361947	1.536653	1.070005
8820	-25.604	-44.83372	19.22972	0.9839148	0.4397134	1.296801
8826	-28.36284	-47.57121	19.20837	1.27254	0.05281997	1.920869
8832	-27.7133	-47.1868	19.4735	0.7004628	0.1214071	1.920869
8838	-25.78364	-45.4287	19.64506	0.2696058	0.3025966	1.730209
8844	-30.94327	-47.35408	16.41081	1.732229	4.465913	0.8832527
8850	-29.36588	-48.28957	18.92369	1.08484	0.8505285	0.9593367
8856	-29.70648	-47.44874	17.74226	1.300485	1.803591	1.126686
8862	-25.7748	-45.45728	19.68248	0.6192409	0.1163589	1.847425
8868	-23.1507	-43.39414	20.24344	0.6262452	0.3177386	0.9191668
8874	-29.36128	-46.12351	16.76223	0.4508849	0.4051752	3.295467
8880	-34.86566	-52.16629	17.30063	0.9910633	0.4051752	2.646529
8886	-33.03418	-47.45559	14.42142	2.236993	8.098292	1.438311
8892	-30.28986	-47.62415	17.33429	2.198157	1.716086	0.5659268
8898	-27.73582	-47.38398	19.64816	1.380945	0.3461702	0.5659268
8904	-30.12101	-50.51479	20.39378	0.2216277	0.1175185	1.623761
8910	-34.10441	-55.22079	21.11638	0.4945689	0.1213084	0.692339
8916	-32.75303	-52.29173	19.53869	0.8151121	0.3344261	1.351397
8922	-28.09065	-47.75311	19.66246	0.4956152	0.1163642	1.944961
8928	-28.00149	-48.79792	20.79644	0.4630245	0.02186675	1.463909
8934	-26.55576	-46.16495	19.60919	1.168887	0.2751797	1.108717
8940	-22.49185	-43.27451	20.78267	1.261201	0.03380862	0.6231296
8946	-27.33714	-47.51467	20.17753	0.6945921	0.1601528	1.310217
8952	-35.2522	-55.53652	20.28432	0.8651622	0.1157267	1.215469
8958	-36.54383	-55.7899	19.24607	0.7968833	0.1157267	2.023614
8964	-24.63543	-45.65197	21.01654	0.2580991	0.0396227	1.39805
8970	-25.98271	-45.29807	19.31536	0.1313211	0.0396227	2.627508
8976	-27.61943	-47.10975	19.49032	1.325608	0.2124579	1.221774
8982	-25.034	-45.44802	20.41402	0.4993641	0.1972965	1.176514
8988	-24.27287	-44.01921	19.74634	0.2763116	0.0503003	2.231203
8994	-35.16955	-51.52327	16.35372	1.403144	1.265202	2.328055
9000	-28.65297	-49.27917	20.62621	0.7239326	0.02047313	1.396011
9006	-30.12182	-49.25231	19.13048	0.1161715	0.07444752	2.64518
9012	-26.83155	-47.31699	20.48544	1.135061	0.04265548	1.09593
9018	-26.46768	-47.2896	20.82192	0.3642182	0.1418263	1.09593
9024	-31.54926	-50.2684	18.71913	0.6473196	0.1457086	2.38831
9030	-27.59152	-48.05409	20.46257	0.01641861	0.3971397	1.139112
9036	-34.11726	-54.14818	20.03092	0.2766212	0.2218139	1.596364
9042	-29.56835	-50.53562	20.96727	0.1630511	0.02072307	1.561874
9048	-28.85149	-47.82612	18.97462	0.3277422	0.09092217	2.564246
9054	-28.6073	-47.33561	18.72831	0.7522537	0.0533156	2.564246
9060	-33.01747	-48.57027	15.55281	1.698565	5.977785	1.326961
9066	-27.63436	-46.5555	18.92114	0.9078699	0.5824425	1.416711
9072	-29.1224	-47.03563	17.91323	1.154565	0.8009575	1.762375
9078	-26.78769	-47.06691	20.27922	0.1922359	0.3430321	1.240493
9084	-27.20145	-47.90095	20.6995	0.3829741	0.1577514	1.139181
9090	-30.81144	-51.99938	21.18794	0.08378921	0.244458	0.5561488
9096	-31.45834	-50.49781	19.03947	0.2394838	0.1611276	2.409837
9102	-33.83882	-54.33805	20.49923	1.193713	0.08027144	0.8273398
9108	-36.6961	-55.12158	18.42548	1.714201	0.09745408	2.009505
9114	-34.83449	-52.65373	17.81924	2.666024	0.04334188	1.949945
9120	-34.72478	-53.06384	18.33906	3.462463	0.08897017	0.4613053
9126	-32.58085	-51.52145	18.9406	1.965555	0.3694034	0.7317754
9132	-33.18409	-52.67641	19.49232	2.087177	0.06907174	1.010297
9138	-37.95464	-56.18455	18.22991	1.370815	0.01982483	2.57775
9144	-36.66977	-56.11562	19.44585	0.852533	0.1306305	1.811777
9150	-30.02308	-49.93415	19.91107	0.02857409	0.327031	1.673433
9156	-29.23926	-48.74271	19.50345	1.104279	0.1024211	1.673433
9162	-27.16363	-48.47049	21.30686	0.2016622	0.009001669	1.217753
9168	-34.46196	-53.27226	18.8103	0.4810064	0.3368669	2.100526
9174	-31.88664	-50.40414	18.5175	0.4043451	0.07452254	2.843567
9180	-29.84379	-48.66533	18.82153	0.1003114	0.07452254	2.843567
9186	-32.25523	-51.25455	18.99932	0.6413798	0.2427792	2.018407
9192	-28.16046	-46.34157	18.18111	0.2019004	0.01025053	3.287558
9198	-27.72586	-47.08159	19.35573	0.3136842	0.02626979	2.525412
9204	-26.78081	-47.09844	20.31762	0.9615605	0.04934484	1.35653
9210	-27.33557	-48.63479	21.29922	0.7671407	0.01602755	0.3601831
9216	-27.1871	-47.85406	20.66696	0.3272416	0.2470153	0.9693038
9222	-30.46543	-49.23365	18.76822	0.6795423	0.1262943	2.382157
9228	-23.88417	-44.76261	20.87845	0.176874	0.1446803	1.202699
9234	-22.07988	-42.0642	19.98433	0.6870182	0.1325269	1.540711
9240	-26.96918	-47.50907	20.5399	0.04210922	0.1575582	1.540711
9246	-27.11942	-46.71271	19.59329	1.83273	0.1791625	0.3704088
9252	-28.78952	-47.83498	19.04546	2.055547	0.2009862	0.2060297
9258	-34.32564	-54.09071	19.76507	2.246878	0.04549819	0.4730404
9264	-37.79579	-53.53945	15.74367	2.071872	5.206622	1.004331
9270	-29.91419	-49.03405	19.11985	2.071872	0.1807526	0.2164817
9276	-25.8294	-45.94594	20.11654	1.456781	0.08841265	0.2311502
9282	-24.65222	-45.51697	20.86475	1.144742	0.04591703	0.5311629
9288	-30.25068	-49.34853	19.09786	0.0926781	1.859361	0.9499414
9294	-26.29441	-46.44231	20.1479	1.536737	0.08231942	0.8259713
9300	-31.3017	-51.87877	20.57707	0.7100138	0.1024531	1.143138
9306	-32.32803	-50.2597	17.93167	1.07647	1.73061	1.198458
9312	-28.75321	-48.8509	20.09768	0.7192502	0.2346401	1.167518
9318	-30.80003	-49.17714	18.37711	0.8290181	0.6585352	1.791461
9324	-28.72355	-49.84918	21.12563	0.1232332	0.2213528	0.7459104
9330	-27.31889	-47.59921	20.28032	1.000031	0.08088067	1.230862
9336	-32.45518	-50.7142	18.25902	1.60572	0.2692537	1.820754
9342	-31.89181	-51.67668	19.78487	1.421228	0.2692537	0.5648713
9348	-31.91442	-52.98911	21.07469	0.9558469	0.03498021	0.3805685
9354	-28.12173	-48.25289	20.13116	0.2575591	0.0899295	1.863717
9360	-33.84504	-52.72678	18.88175	0.07234807	1.042277	1.660855
9366	-33.59576	-53.53297	19.93721	0.1500012	0.2675411	1.66778
9372	-33.41608	-51.45193	18.03586	0.3382583	0.3429784	2.673082
9378	-27.11219	-47.73338	20.62119	1.471488	0.02067417	0.6135189
9384	-29.43174	-48.75879	19.32704	1.508792	0.4497847	0.4878942
9390	-25.77076	-46.33928	20.56852	1.459708	0.02557878	0.3307218
9396	-25.39268	-45.26484	19.87216	1.749097	0.01215768	1.156713
9402	-21.45001	-42.48543	21.03542	0.5233641	0.01194128	1.209196
9408	-22.60337	-42.12397	19.5206	0.1457124	0.130204	2.233172
9414	-29.6137	-47.11671	17.50302	1.572447	1.555969	1.242687
9420	-21.9425	-42.35396	20.41146	1.386931	0.03981211	0.2271886
9426	-23.02831	-43.35117	20.32286	1.049751	0.05580061	1.254569
9432	-22.1204	-43.46596	21.34556	0.3633979	0.03363293	1.053577
9438	-29.36072	-48.18875	18.82803	0.9938038	0.3439496	1.730886
9444	-27.09581	-45.231	18.13519	0.09849585	0.06485999	3.282589
9450	-27.82308	-45.38158	17.5585	0.5678233	0.08783686	3.282589
9456	-25.53589	-45.25775	19.72186	0.6233087	0.0357655	2.067685
9462	-31.70647	-52.53316	20.8267	0.5054374	0.03559312	1.368102
9468	-32.79696	-51.69292	18.89595	0.3811239	0.1905996	2.350994
9474	-25.08845	-44.76149	19.67304	0.3811239	0.002990683	2.025643
9480	-34.24579	-53.39299	19.14719	0.0165437	0.3760563	2.130608
9486	-30.73467	-49.0136	18.27892	0.3034582	0.1644032	2.833627
9492	-26.22015	-46.24536	20.02521	0.1040187	0.0354776	2.209493
9498	-27.62537	-46.70824	19.08287	0.3346634	0.1479391	2.350927
9504	-23.01573	-43.35037	20.33464	0.4409331	0.1207805	1.496443
9510	-23.31876	-43.58116	20.2624	0.4059686	0.4522343	0.842723
9516	-25.09137	-45.78921	20.69784	0.3785772	0.2589659	0.842723
9522	-22.17717	-42.51573	20.33856	0.01568681	0.005422162	1.975805
9528	-22.9307	-42.87758	19.94688	1.071727	0.09995552	1.374984
9534	-28.02274	-48.39654	20.37381	0.6933221	0.09995552	1.336544
9540	-26.2171	-45.97971	19.76261	0.292798	0.005253163	2.166382
9546	-27.28318	-47.29179	20.00861	1.493666	0.0133604	1.265373
9552	-29.945	-50.51856	20.57356	0.7294665	0.002090391	0.9143386
9558	-26.16285	-46.40522	20.24237	1.153271	0.01516048	1.358
9564	-30.5816	-50.59151	20.0099	0.9679729	0.0646084	1.529144
9570	-26.78198	-45.66775	18.88577	0.7446224	0.079198	2.391903
9576	-28.84405	-48.76249	19.91844	1.051636	0.1173109	1.357161
9582	-31.04352	-47.29443	16.25091	1.167921	0.5035435	3.070109
9588	-24.87566	-45.34406	20.4684	1.247191	0.04649934	0.9858976
9594	-22.37277	-43.02801	20.65524	0.8124817	0.01290496	1.291381
9600	-22.21369	-42.84172	20.62803	1.488619	0.0190113	0.4922748
9606	-25.71202	-45.98313	20.27111	0.09899446	0.1383012	1.742085
9612	-23.52853	-43.87371	20.34518	0.148375	0.1442312	1.639208
9618	-24.29052	-44.52305	20.23253	0.6520825	0.006325873	1.639208
9624	-24.6361	-45.80565	21.16955	0.3548744	0.02652711	1.24304
9630	-26.5691	-47.26189	20.69278	0.4046063	0.1006403	1.309889
9636	-24.36283	-45.27737	20.91454	0.5842786	0.1006403	0.946952
9642	-25.96924	-46.17679	20.20755	0.1265796	0.01496617	2.108394
9648	-26.82355	-46.71716	19.8936	0.0878576	0.005330751	2.217234
9654	-22.8433	-43.24842	20.40512	0.5874015	0.09398787	1.415294
9660	-28.78101	-46.76255	17.98154	1.458728	1.862033	0.444342
9666	-25.55087	-45.73875	20.18788	0.4812955	0.007942672	1.828608
9672	-21.0532	-41.79732	20.74412	0.6051692	0.01596463	1.396041
9678	-24.44019	-44.5755	20.13531	1.464347	0.01045448	1.159608
9684	-26.94375	-46.10565	19.16191	1.125169	0.1111351	1.871779
9690	-24.64919	-44.48091	19.83172	0.7509209	0.3521346	1.127521
9696	-29.4867	-48.11155	18.62486	1.331563	0.08214661	2.174462
9702	-36.01419	-50.74875	14.73457	0.7396067	3.080766	3.090394
9708	-31.35092	-49.4845	18.13358	1.705881	0.8513164	1.121531
9714	-31.04439	-49.87137	18.82698	2.254907	0.2114467	0.2101575
9720	-37.02803	-55.28765	18.25962	1.132554	0.2028325	2.253904
9726	-34.00833	-54.09552	20.0872	1.659062	0.08380193	0.3242251
9732	-32.28498	-53.13844	20.85346	0.7014689	0.04181049	1.158614
9738	-36.80517	-55.22664	18.42147	2.31539	0.0347832	1.806644
9744	-34.94223	-54.53717	19.59493	0.4391684	0.1161742	2.028307
9750	-27.48335	-48.28065	20.7973	1.04234	0.07888349	0.4301298
9756	-26.65447	-47.58891	20.93444	0.4835448	0.06614514	1.172614
9762	-29.41072	-49.98279	20.57207	0.4036362	0.05629911	1.561069
9768	-27.63181	-48.0669	20.43509	0.5406207	0.05629911	1.561069
9774	-25.28559	-47.00731	21.72172	0.08667135	0.05629911	0.8271663
9780	-28.06299	-49.08963	21.02664	0.08475119	0.01519559	1.573972
9786	-24.71182	-44.91149	20.19966	0.4377268	0.1743979	1.457192
9792	-26.95999	-46.85271	19.89272	0.9160867	0.4624702	0.5515196
9798	-30.29422	-47.09008	16.79587	1.349831	2.959191	1.375631
9804	-26.38895	-44.98453	18.59558	1.623239	0.6995338	0.9300918
9810	-28.54088	-48.10865	19.56777	1.515509	0.07539208	1.410111
9816	-26.83718	-47.19139	20.35421	0.9994234	0.1249175	0.9957038
9822	-28.65493	-48.67298	20.01806	0.9773706	0.0640866	1.517977
9828	-33.79409	-53.58727	19.79318	0.1301086	0.4427501	1.517977
9834	-32.92223	-50.14354	17.22132	0.06527759	0.3978662	3.260407
9840	-27.1028	-47.60864	20.50584	0.8236813	0.1777663	0.8154587
9846	-39.10595	-53.18067	14.07472	4.611648	3.079338	0.8231151
9852	-28.04713	-48.17331	20.12618	1.605871	0.00887	1.012249
9858	-30.30785	-49.91825	19.6104	1.605871	0.0194093	1.499147
9864	-37.31955	-55.23089	17.91134	1.605871	0.2486209	2.08982
9870	-26.61213	-46.20109	19.58896	1.577555	0.01097489	1.512167
9876	-25.86991	-46.13831	20.2684	1.577555	0.07343866	0.6325022
9882	-29.24993	-49.22772	19.97779	1.906121	0.04347321	0.8126845
9888	-25.83466	-47.36223	21.52757	0.2689844	0.04296543	0.9192168
9894	-26.84558	-45.59275	18.74717	0.8495203	0.4213632	1.780632
9900	-25.673	-45.83953	20.16653	0.5926535	0.4213632	0.7982022
9906	-25.53534	-46.19505	20.65972	0.1427244	0.4213632	0.7360275
9912	-25.13976	-46.5191	21.37934	0.5783536	0.05660079	0.5080818
9918	-24.75926	-46.13587	21.37662	0.5212274	0.06502956	0.6021838
9924	-23.56606	-44.85973	21.29368	0.304104	0.03994193	1.128692
9930	-25.07525	-44.69873	19.62348	0.763776	0.2339561	1.512842
9936	-32.74876	-51.92598	19.17721	0.8742938	0.06891999	2.152955
9942	-27.66176	-47.37336	19.7116	0.5957504	0.0009580452	1.361547
9948	-29.50121	-48.68435	19.18314	2.33274	0.002120068	0.606367
9954	-31.60923	-49.70347	18.09424	3.161537	0.0171617	0.09384646
9960	-34.84534	-54.69229	19.84694	2.231985	0.03179272	0.4991724
9966	-37.93442	-55.41526	17.48084	1.008345	0.4920978	2.42687
9972	-33.10037	-51.50008	18.39971	1.519071	0.8543898	1.044616
9978	-30.4084	-49.17572	18.76732	1.033244	0.2115075	1.96959
9984	-27.00989	-47.59983	20.58994	0.05031783	0.1720628	1.460769
9990	-26.59165	-46.89414	20.30249	0.1660779	0.1254248	1.706693
9996	-36.14427	-54.7893	18.64502	3.37573	0.04268004	0.4442073
10002	-30.32546	-51.54998	21.22452	0.4637	0.09405496	0.7493691
10008	-27.89922	-47.29164	19.39242	0.8398732	0.7083793	0.902646
10014	-26.47505	-47.87848	21.40342	0.1767885	0.09612038	0.8782494
10020	-28.44643	-49.35836	20.91192	0.1165489	0.1816833	1.117155
10026	-35.17336	-52.49352	17.32016	1.175431	1.844072	1.545544
10032	-29.02147	-48.64522	19.62375	0.279282	0.0496298	2.310061
10038	-29.73527	-50.42097	20.68571	0.3321347	0.07194021	1.472696
10044	-28.31701	-48.82186	20.50485	1.194622	0.1089311	0.6070876
10050	-26.99106	-47.38169	20.39063	1.45365	0.07997182	0.523951
10056	-29.76598	-48.8423	19.07632	2.132714	0.24685	0.697745
10062	-31.21033	-50.648	19.43767	0.3952726	0.0612439	2.317821
10068	-32.62125	-50.91461	18.29336	1.206839	0.7046901	1.537301
10074	-36.56157	-56.72259	20.16102	1.953329	0.01591617	0.5081357
10080	-32.51817	-50.86877	18.3506	1.500735	0.7064625	1.261873
10086	-26.47682	-45.51647	19.03965	0.9243216	0.9135758	0.9331532
10092	-25.21263	-45.53137	20.31874	1.310101	0.06395994	0.9856762
10098	-29.96557	-47.98995	18.02438	0.9750486	1.288619	1.465689
10104	-27.06058	-48.45764	21.39706	0.356495	0.03459348	1.005975
10110	-31.93631	-51.39953	19.46322	1.158003	0.4875264	0.8254969
10116	-29.62863	-49.91606	20.28743	1.490835	0.08259981	0.6847958
10122	-25.82332	-44.9024	19.07908	1.406999	0.6765229	0.4650188
10128	-28.75365	-46.35773	17.60408	1.964414	1.649157	0.4136062
10134	-26.49237	-46.25074	19.75837	0.3709816	0.5688946	1.189124
10140	-28.05329	-47.45864	19.40535	1.868504	0.2327055	0.6450037
10146	-33.83866	-47.96797	14.12931	0.4408016	0.8912763	4.419755
10152	-32.89887	-49.39726	16.4984	0.5510657	1.961939	2.466327
10158	-26.77798	-46.69399	19.91601	0.7851773	0.4854637	0.7163333
10164	-25.17991	-46.81207	21.63216	0.03734474	0.09862977	0.7478655
10170	-27.13405	-48.12847	20.99442	0.4672504	0.1176346	0.9119283
10176	-26.47741	-47.14121	20.6638	0.2561694	0.2986515	0.9119283
10182	-30.47211	-50.12297	19.65086	1.120997	0.2986515	1.062295
10188	-27.78092	-48.63046	20.84954	0.7786952	0.0709608	0.9513455
10194	-34.13729	-55.10377	20.96648	0.8483986	0.0089823	0.9291203
10200	-36.54342	-53.27366	16.73024	0.6440912	1.34577	2.527501
10206	-32.555	-50.71186	18.15686	0.6910975	0.9963357	1.767758
10212	-26.10136	-45.79461	19.69326	0.6226638	0.7639241	0.6959835
10218	-26.56797	-46.73536	20.1674	0.6226638	0.2042975	1.263341
10224	-27.25925	-46.93835	19.67909	1.2815	0.3625925	0.6596208
10230	-29.35806	-49.33096	19.97291	1.052128	0.1915143	1.092366
10236	-30.44536	-50.56098	20.11562	0.4997765	0.1771549	1.467162
10242	-35.15846	-55.26221	20.10375	0.4261887	0.4229174	1.047082
10248	-31.31774	-51.82321	20.50547	0.4956873	0.2158923	1.047082
10254	-39.99113	-59.31396	19.32283	1.715507	0.3361557	0.6074157
10260	-34.96481	-55.85111	20.8863	0.9627121	0.03838156	0.8855723
10266	-33.52783	-53.69368	20.16585	1.611502	0.0871024	0.6456721
10272	-36.53021	-54.30065	17.77043	1.611502	1.935448	0.607248
10278	-34.9575	-51.32829	16.37079	1.967677	2.922546	1.232032
10284	-33.49934	-50.6485	17.14917	1.176886	0.3596655	2.681063
10290	-33.35866	-50.47277	17.1141	1.887459	0.3375567	2.287232
10296	-29.33623	-49.94022	20.60399	0.3566271	0.2299342	1.048215
10302	-32.6361	-49.32457	16.68847	1.893879	1.673672	1.563126
10308	-30.28017	-50.56864	20.28847	1.030699	0.2219081	0.6066466
10314	-37.58525	-52.82556	15.24031	1.903318	4.844437	1.63434
10320	-34.21063	-50.69874	16.48811	2.032127	3.326609	0.9021973
10326	-31.82831	-50.17839	18.35008	1.798299	0.8355096	0.277216
10332	-30.00834	-49.66509	19.65675	0.6090138	0.51831	1.13871
10338	-30.6253	-49.34485	18.71955	0.7365267	0.9398588	1.362404
10344	-25.72799	-47.21666	21.48868	0.5441494	0.03935005	0.5779261
10350	-25.21418	-45.39108	20.1769	1.259736	0.1668039	0.3351662
10356	-31.59844	-46.84218	15.24374	1.360337	4.368144	2.10125
10362	-30.57665	-45.69544	15.11878	1.855663	9.505172	0.9485955
10368	-33.15168	-48.03889	14.88721	1.658439	8.340911	1.48972
10374	-26.69473	-46.73177	20.03704	1.274346	0.2268011	0.5886437
10380	-29.1301	-49.10604	19.97594	1.08497	0.3203125	0.6384896
10386	-34.25255	-53.61001	19.35746	0.8154187	0.3952677	1.395474
10392	-30.19137	-49.94064	19.74927	0.1720408	0.1101404	2.118619
10398	-33.34768	-52.84217	19.49448	1.795883	0.1941774	0.7997104
10404	-32.87598	-49.99654	17.12055	1.08055	1.846906	1.755627
10410	-31.50355	-52.04613	20.54258	0.8778005	0.1557085	0.7919242
10416	-29.17438	-49.55174	20.37736	0.7429725	0.1664979	1.077894
10422	-31.31676	-51.7595	20.44274	0.6775874	0.1664979	1.077894
10428	-36.30557	-50.4488	14.14323	1.720372	4.612177	2.526192
10434	-35.19599	-49.67861	14.48262	2.095404	2.678076	2.526192
10440	-27.20589	-45.59174	18.38585	1.053837	0.8199914	1.476969
10446	-29.36759	-48.73374	19.36615	0.3774356	0.8199914	1.235941
10452	-27.54191	-48.53129	20.98939	0.2549332	0.03248799	1.44716
10458	-28.71473	-48.48262	19.7679	0.5672435	0.4880344	1.121196
10464	-28.94319	-49.27597	20.33278	0.1263463	0.1553963	1.6358
10470	-32.89038	-49.18333	16.29294	2.096368	1.647761	1.714716
10476	-31.15173	-49.90968	18.75796	1.352317	0.4836402	1.318315
10482	-29.90128	-48.50601	18.60473	0.1359982	0.452232	2.31093
10488	-29.86723	-50.29865	20.43142	0.66898	0.08767151	1.352633
10494	-29.0624	-50.32148	21.25908	0.1006231	0.02914979	1.36859
10500	-30.40832	-50.25746	19.84913	1.856762	0.1099189	0.572702
10506	-37.51899	-53.58441	16.06542	2.774738	2.911125	0.340148
10512	-33.80138	-51.64658	17.8452	1.903228	1.037013	0.1948721
10518	-33.63552	-52.41155	18.77603	1.903228	0.5215816	0.3781434
10524	-41.64236	-60.4868	18.84444	0.9946792	1.242809	0.6838105
10530	-35.57734	-52.67015	17.09282	1.388412	0.1190384	2.993742
10536	-31.31588	-49.28674	17.97086	0.2708467	0.3859348	2.700257
10542	-41.65143	-55.26524	13.61381	3.023084	0.3859348	3.653882
10548	-42.95033	-61.68274	18.73241	1.992304	0.3482035	1.001231
10554	-41.96246	-60.85391	18.89144	1.430235	0.3482035	1.353466
10560	-36.98838	-55.85977	18.87139	0.1727811	0.1119549	2.668977
10566	-31.10312	-51.3467	20.24359	1.009473	0.199945	0.8256072
10572	-28.52289	-49.20727	20.68439	0.05149141	0.2747244	1.14762
10578	-27.79705	-47.79868	20.00162	0.131989	0.2747244	1.62162
10584	-30.98322	-49.37753	18.39432	0.2819586	1.430441	1.62162
10590	-33.48222	-51.57707	18.09485	1.111891	1.763986	0.9954997
10596	-33.25334	-51.5363	18.28296	1.033459	1.087743	1.356971
10602	-30.16117	-49.40071	19.23954	0.2171605	0.6509357	1.621536
10608	-29.36414	-48.31037	18.94623	1.498636	0.707318	0.460097
10614	-27.87567	-47.2263	19.35063	0.07674369	0.7123969	1.583576
10620	-27.38237	-47.81932	20.43695	0.2039919	0.444648	0.8911142
10626	-28.68209	-48.38539	19.7033	0.3169552	0.1308361	1.999832
10632	-30.01907	-49.0721	19.05303	0.6358953	0.06359757	2.401854
10638	-28.96409	-48.99616	20.03207	1.033664	0.01940833	1.610128
10644	-24.84403	-45.71131	20.86728	0.1631267	0.03126462	1.610128
10650	-36.40248	-51.08748	14.68499	2.519121	7.143514	1.146716
10656	-34.57005	-49.75799	15.18794	2.697501	5.942579	0.6796983
10662	-32.40488	-53.15805	20.75317	0.366587	0.05436845	1.460602
10668	-37.30093	-56.62412	19.32319	0.6544116	0.07423139	2.184547
10674	-38.91683	-57.67711	18.76028	1.657154	0.008205279	2.003474
10680	-30.63887	-50.08536	19.4465	0.1967822	0.01813307	2.551801
10686	-29.82596	-49.65212	19.82616	0.7616867	0.1839344	1.471765
10692	-28.39781	-48.70375	20.30594	1.255856	0.1248177	0.7503734
10698	-30.58058	-50.5592	19.97861	1.04272	0.1248177	1.292476
10704	-29.63197	-50.65055	21.01858	0.7582622	0.06714688	0.7988587
10710	-26.94935	-46.59781	19.64846	0.5996786	0.4890944	1.196167
10716	-31.28479	-50.50612	19.22133	0.1326019	0.6107886	1.734853
10722	-27.55931	-46.85462	19.29532	0.2083949	0.5532021	1.689525
10728	-26.77354	-47.57715	20.80361	1.30555	0.02074521	0.4478764
10734	-26.93496	-47.7058	20.77085	0.1456891	0.03724001	1.672451
10740	-30.3179	-49.85651	19.53861	1.770038	0.1188102	1.062557
10746	-32.15946	-50.8305	18.67105	0.3198656	0.4579182	2.143126
10752	-30.3593	-50.5508	20.1915	0.4023844	0.1473503	1.558133
10758	-27.64272	-47.99323	20.35052	0.2450298	0.1468804	1.558133
10764	-28.2752	-48.89202	20.61682	0.662615	0.06779565	1.282803
10770	-31.80583	-51.03085	19.22501	1.555	0.4066965	0.8072054
10776	-26.89564	-46.87171	19.97607	0.6223495	0.1424105	1.56776
10782	-31.21817	-48.91604	17.69787	0.1839117	0.1424105	3.297896
10788	-25.36067	-45.54994	20.18928	1.231729	0.1424105	0.8509275
10794	-23.8869	-44.21972	20.33282	1.44104	0.07646495	0.7397557
10800	-31.50356	-50.13558	18.63203	1.730662	0.05485549	1.993423
10806	-29.07354	-49.97847	20.90492	0.1930125	0.229121	0.9099441
10812	-27.80909	-48.09387	20.28478	0.3597219	0.5177501	0.7219404
10818	-31.27919	-52.2448	20.96561	0.6973722	0.1009112	0.7430689
10824	-34.76009	-51.48179	16.7217	1.101604	1.447179	2.192589
10830	-30.33344	-50.7119	20.37847	0.6414064	0.3537199	0.4747807
10836	-28.27521	-47.88662	19.61141	0.5901589	0.1658756	1.792655
10842	-35.46128	-53.56408	18.1028	0.5190023	0.2014318	2.738552
10848	-31.89747	-52.35735	20.45988	0.3952628	0.2014318	1.215917
10854	-34.45762	-54.5288	20.07118	0.4593363	0.3337256	1.207513
10860	-37.37687	-54.24317	16.86631	1.340409	3.987837	0.9807696
10866	-31.06527	-50.93294	19.86767	1.346126	0.2684594	0.4687585
10872	-37.30567	-55.40618	18.10051	1.346126	1.139627	1.211056
10878	-41.44472	-56.72618	15.28146	2.074776	7.574736	0.912489
10884	-33.29207	-52.3935	19.10143	0.3104234	0.5416982	1.766715
10890	-30.89638	-50.42692	19.53054	1.041535	0.5279098	0.8035728
10896	-28.94095	-48.58831	19.64736	0.9644584	0.2748103	1.253779
10902	-29.83903	-50.14519	20.30616	0.8017866	0.1775601	1.055656
10908	-30.87656	-49.89538	19.01882	0.074829	0.2694632	2.329164
10914	-32.30497	-50.32643	18.02146	0.1483533	0.03943588	3.394453
10920	-30.21832	-49.57003	19.35171	0.4527206	0.03943588	2.404806
10926	-27.29254	-47.10173	19.80919	2.074234	0.07033533	0.5625242
10932	-27.62417	-47.43343	19.80926	0.4698746	0.08872723	1.941654
10938	-26.93761	-47.17456	20.23695	1.593521	0.0427397	0.8823492
10944	-32.73466	-52.75443	20.01978	0.1564409	0.7673975	0.8823492
10950	-31.78054	-52.56456	20.78402	0.05967367	0.3446134	0.8823492
10956	-40.65251	-54.62866	13.97615	0.2709162	2.721964	3.898457
10962	-36.60351	-54.10888	17.50537	1.240097	0.3574432	2.423074
10968	-31.20835	-48.19773	16.98938	1.1932	3.369968	1.208917
10974	-28.1691	-48.77868	20.60958	0.5922538	0.1033667	1.213865
10980	-26.08983	-46.79576	20.70592	0.7024627	0.1366221	0.8904916
10986	-33.07836	-51.43101	18.35265	0.9333562	0.1888184	2.348806
10992	-31.3565	-51.68206	20.32557	0.3965398	0.05897507	1.733644
10998	-25.84018	-46.99677	21.15659	0.07189362	0.09340305	1.227342
11004	-26.47531	-46.29785	19.82254	0.364289	0.3550592	1.447158
11010	-26.40047	-45.47438	19.07391	0.8519762	0.07770131	2.207514
11016	-29.75905	-50.71422	20.95517	0.8986994	0.07730857	0.5452242
11022	-27.54441	-47.80319	20.25878	1.810413	0.02001504	0.6688833
11028	-23.66505	-43.73953	20.07448	1.810413	0.02001504	0.9209112
11034	-23.09176	-43.08834	19.99658	0.7884321	0.01393228	1.802431
11040	-29.94076	-49.09489	19.15413	1.896011	0.3319448	0.5996854
11046	-32.71702	-50.94435	18.22733	1.831108	1.036756	0.4018
11052	-28.6915	-46.76233	18.07083	1.924427	0.8516885	0.2131152
11058	-25.689	-46.16689	20.47788	0.624575	0.04806703	1.497551
11064	-26.932	-47.63674	20.70474	0.3674589	0.05409855	1.497551
11070	-25.47706	-45.71643	20.23937	0.6364779	0.01068325	1.720169
11076	-26.09593	-45.9254	19.82946	0.2409808	0.04403117	2.220634
11082	-25.44931	-45.82282	20.37351	1.642095	0.0315726	0.7013034
11088	-27.64862	-46.60892	18.9603	1.340723	0.2227882	1.599116
11094	-29.11222	-48.98362	19.8714	1.093375	0.03142948	1.656911
11100	-28.409	-46.48149	18.07249	0.123588	0.08507661	3.248724
11106	-30.94977	-50.46363	19.51385	0.5763898	0.2558148	1.686842
11112	-27.89158	-48.2886	20.39701	0.1270554	0.07208715	1.827033
11118	-30.996	-50.33345	19.33745	1.632026	0.340297	0.3255732
11124	-29.23766	-49.63124	20.39359	0.5290594	0.02942638	1.692891
11130	-32.75198	-52.69053	19.93855	0.5447458	0.1108682	1.736782
11136	-32.67584	-51.30164	18.6258	0.3614032	0.1108682	2.706672
11142	-37.40523	-52.6907	15.28547	0.03634193	0.5149813	4.274798
11148	-28.43195	-47.40247	18.97052	0.05667355	0.5013716	2.070842
11154	-23.0736	-43.3328	20.2592	0.1350819	0.1996653	1.579916
11160	-27.60778	-46.92675	19.31898	0.4096064	0.962259	1.113777
11166	-27.45934	-47.32615	19.86681	0.4096064	0.1040525	1.898862
11172	-27.21541	-46.33819	19.12278	1.481163	0.5938093	0.5111692
11178	-24.11396	-44.61406	20.5001	0.6167636	0.1260127	1.209061
11184	-24.27414	-45.34514	21.071	0.1589986	0.1009846	1.198368
11190	-31.0833	-46.81563	15.73233	1.410002	3.053136	2.059052
11196	-33.67249	-53.51399	19.8415	2.232792	0.02853488	0.4108472
11202	-35.6994	-54.63828	18.93887	2.237511	0.09476673	0.1307434
11208	-34.41353	-53.68515	19.27162	2.237511	0.07406938	0.1851384
11214	-38.99389	-56.95416	17.96027	1.639579	0.3274259	1.908661
11220	-39.38276	-58.31201	18.92926	1.428102	0.4495712	1.160633
11226	-37.59395	-57.24749	19.65354	1.344566	0.2142851	1.054383
11232	-37.19148	-56.18701	18.99553	1.140761	0.2142851	1.734044
11238	-30.18489	-50.30765	20.12276	0.001570059	0.1340401	1.921949
11244	-31.75135	-51.06255	19.3112	0.001669422	0.09352284	2.550634
11250	-29.73072	-48.64843	18.91771	0.6198502	0.378044	1.878819
11256	-30.42985	-50.15827	19.72841	1.362155	0.2682008	0.7945155
11262	-32.0031	-51.97839	19.97529	1.436315	0.08758044	1.0887
11268	-28.67528	-48.36816	19.69287	0.7112657	0.02167747	2.063373
11274	-33.1534	-49.9188	16.7654	0.8227572	0.07545441	3.63036
11280	-31.35228	-49.92612	18.57383	0.2057414	0.2657997	2.532674
11286	-31.96446	-52.78044	20.81598	0.3604993	0.04595909	1.449524
11292	-31.13045	-50.70466	19.57421	0.2320066	0.1468853	2.102639
11298	-32.06883	-52.57588	20.50705	1.336776	0.0793581	0.548348
11304	-35.35581	-53.03238	17.67657	2.614006	0.4264232	0.1334308
11310	-32.4455	-50.9879	18.5424	3.456497	0.01035135	0.7232349
11316	-30.57885	-47.81806	17.23921	1.470138	0.08948401	2.930727
11322	-32.76379	-52.28923	19.52545	1.7463	0.2466689	0.4976297
11328	-29.17344	-48.50605	19.33261	1.7463	0.2095308	0.988679
11334	-32.71408	-50.76182	18.04774	1.7463	1.352197	0.4332392
11340	-32.2937	-49.691	17.3973	2.016941	1.871893	0.6244123
11346	-33.07727	-52.989	19.91172	1.38627	0.2271073	0.6244123
11352	-27.53908	-46.41277	18.87369	2.099656	0.1891043	0.1593185
11358	-28.81788	-46.97549	18.15761	1.010759	1.390159	1.268149
11364	-29.4232	-46.67956	17.25636	1.072347	0.6100821	2.41293
11370	-25.57031	-44.19898	18.62868	0.2344849	0.3107181	2.41293
11376	-27.68941	-45.75179	18.06238	0.6415677	0.3858841	2.41293
11382	-27.05235	-46.1858	19.13346	0.9469303	0.06832095	2.136005
11388	-27.39119	-46.0363	18.64511	0.2559274	0.06832095	2.874076
11394	-29.56643	-49.11251	19.54608	1.155937	0.5223224	0.5803456
11400	-29.674	-48.6578	18.98379	1.120583	0.8759122	0.8168652
11406	-31.25962	-49.17869	17.91907	0.7636751	0.8759122	1.967103
11412	-27.1961	-46.68909	19.49299	1.329658	0.3490202	0.2425886
11418	-30.5672	-50.28753	19.72033	0.933113	0.3671925	1.032534
11424	-26.2305	-46.38959	20.15909	0.062678	0.3703929	1.395861
11430	-31.26777	-51.32289	20.05512	0.1369043	0.3852453	1.395861
11436	-32.35864	-51.2575	18.89886	0.8687273	0.5005348	1.559555
11442	-38.64538	-54.62002	15.97464	0.7456046	1.311405	2.944802
11448	-33.83351	-51.44272	17.60921	2.288972	0.09989295	2.161512
11454	-25.69025	-46.95448	21.26423	0.1118036	0.1811063	0.7348503
11460	-29.49028	-50.77676	21.28647	0.2301419	0.1396154	0.7348503
11466	-29.87778	-49.06445	19.18666	2.244489	0.05419027	1.212109
11472	-25.88793	-45.92651	20.03858	1.479522	0.1034324	0.2353534
11478	-25.63983	-45.57719	19.93736	1.479522	0.1356457	0.8848868
11484	-22.82399	-43.04537	20.22138	1.771371	0.0342864	0.3304469
11490	-22.30672	-42.63896	20.33224	0.4920734	0.05011429	1.692743
11496	-25.203	-45.85934	20.65634	0.1679753	0.05011429	1.692743
11502	-23.64099	-43.62188	19.98089	0.2031749	0.002474656	1.877597
11508	-25.93718	-47.58082	21.64364	0.2079751	0.03072443	0.9217998
11514	-23.97042	-44.52952	20.5591	0.01038437	0.293239	1.251999
11520	-27.0663	-47.29347	20.22718	0.2737434	0.1526433	1.612481
11526	-27.34231	-47.86273	20.52043	1.376863	0.04103387	0.8109749
11532	-28.88156	-49.05377	20.17222	1.858155	0.03754014	0.6128732
11538	-31.3081	-51.27197	19.96387	1.496817	0.110433	0.9443004
11544	-29.26772	-48.72221	19.45448	0.7186194	0.4985869	1.246299
11550	-29.98376	-48.00117	18.01741	1.696102	0.5264526	1.568385
11556	-27.51484	-47.54542	20.03058	0.3093337	0.3002459	1.422351
11562	-28.75283	-48.61557	19.86274	0.7331153	0.3002459	1.216009
11568	-27.1224	-47.4848	20.3624	0.3217564	0.2638368	1.216009
11574	-29.12925	-49.69736	20.56811	0.5603866	0.1722875	1.052286
11580	-33.50759	-53.5638	20.05621	0.3661594	0.1901916	1.580392
11586	-32.4787	-51.80817	19.32948	0.5673268	0.02550297	2.384234
11592	-33.00619	-52.93952	19.93333	1.456361	0.02602215	1.354039
11598	-36.4348	-54.41702	17.98222	1.472378	0.06745515	2.537014
11604	-32.92792	-52.98007	20.05215	0.7755309	0.03848474	1.731138
11610	-35.8266	-52.38075	16.55414	0.315804	0.2011521	3.775439
11616	-32.09591	-52.08056	19.98465	0.0922786	0.1412614	1.936088
11622	-33.90185	-52.97755	19.0757	1.464239	0.637366	0.4686235
11628	-30.65239	-49.70032	19.04793	0.4757292	1.072021	1.198801
11634	-26.29508	-46.18202	19.88693	0.9304144	0.2214253	1.198801
11640	-28.08575	-48.18643	20.10068	0.6106429	0.261074	1.198801
11646	-30.13599	-50.0134	19.87741	0.7343149	0.4923224	0.8273398
11652	-31.31727	-51.04909	19.73182	1.247939	0.2375349	1.009449
11658	-30.18143	-50.63957	20.45814	1.247939	0.08607397	0.7747144
11664	-29.55556	-50.00682	20.45126	1.468098	0.0640314	0.5303188
11670	-40.17342	-59.2519	19.07848	1.468098	0.4813998	0.9247868
11676	-34.56187	-54.58796	20.02609	1.391339	0.192149	0.5696955
11682	-31.66985	-52.22903	20.55918	1.182753	0.005783087	0.8962557
11688	-30.33762	-49.41411	19.07649	0.2609332	0.02214128	2.737633
11694	-34.54653	-52.6567	18.11016	0.7757718	0.07428312	2.866018
11700	-37.9038	-54.87386	16.97006	2.079421	0.008168443	2.866018
11706	-27.99832	-48.1813	20.18297	1.214988	0.003601807	1.078584
11712	-31.31392	-52.05956	20.74564	0.2685427	0.110866	1.34265
11718	-27.41966	-47.61139	20.19172	0.3560976	0.1682853	1.539384
11724	-29.41061	-48.65858	19.24797	0.8177965	0.694389	1.088707
11730	-26.55496	-46.67482	20.11986	1.160292	0.002772621	1.081258
11736	-24.77796	-45.1821	20.40414	0.3207466	0.01465726	1.846013
11742	-24.29763	-45.00423	20.7066	0.2607605	0.03187415	1.653681
11748	-23.86402	-44.29423	20.4302	0.04080364	0.02876712	2.004503
11754	-24.95337	-45.29548	20.34211	1.147051	0.1374495	0.7864878
11760	-24.90332	-45.40464	20.50131	1.150983	0.01837255	1.147837
11766	-24.08509	-44.79761	20.71251	0.8425183	0.0442508	1.147837
11772	-24.33766	-45.27051	20.93285	0.1961583	0.07975286	1.358438
11778	-23.89494	-44.61513	20.72018	0.03425188	0.2250493	1.24348
11784	-24.21988	-44.55611	20.33623	0.08955349	0.1804209	1.600153
11790	-23.5792	-42.79655	19.21736	0.002549083	0.1099557	2.565369
11796	-23.39541	-42.91793	19.52253	0.003872718	0.01695656	2.623784
11802	-29.0629	-49.3652	20.3023	0.0006872687	0.04962196	2.050511
11808	-32.54028	-49.03785	16.49757	0.06249344	2.082053	2.726174
11814	-31.94225	-51.47738	19.53512	0.7793496	0.1481663	1.756239
11820	-27.42483	-46.92749	19.50266	0.6130351	0.06297407	2.129921
11826	-24.25263	-44.64009	20.38746	1.562022	0.04394778	0.7139692
11832	-26.50256	-47.12079	20.61823	1.18435	0.05360898	0.8509989
11838	-39.16953	-54.8108	15.64127	3.416848	1.341219	1.387599
11844	-38.18699	-56.04707	17.86008	0.8498239	1.796909	1.405951
11850	-32.42286	-52.25553	19.83267	0.7206419	0.2651485	1.321294
11856	-27.48187	-47.12991	19.64804	0.870525	0.2791623	1.321294
11862	-27.61626	-47.35797	19.74171	1.728461	0.0945941	1.002964
11868	-32.62364	-50.61872	17.99508	1.576563	0.9108668	1.294376
11874	-28.32333	-49.29311	20.96979	0.1200806	0.1070159	1.294376
11880	-30.87855	-47.75701	16.87846	0.805466	1.440447	2.285593
11886	-35.63597	-53.26806	17.6321	2.307189	1.177813	0.5765745
11892	-34.5134	-52.64844	18.13503	1.279051	0.5728077	1.731777
11898	-29.25177	-48.78787	19.53609	1.582201	0.1884594	1.012453
11904	-25.66158	-44.63086	18.96927	1.665824	0.5399536	0.6764503
11910	-28.86465	-47.10342	18.23877	1.371589	1.527748	0.6943731
11916	-33.07177	-51.053	17.98122	1.481899	1.271229	1.095497
11922	-27.14158	-47.1766	20.03502	0.4736749	0.1300244	1.665745
11928	-34.49733	-52.49967	18.00235	1.33078	1.706826	0.9013924
11934	-33.60808	-51.03522	17.42714	0.8766712	2.928824	1.258712
11940	-28.19364	-49.07287	20.87923	0.07968864	0.2801541	0.917622
11946	-29.44817	-49.38778	19.93961	0.6570588	0.279161	1.257506
11952	-30.33398	-49.87244	19.53846	2.034299	0.01354501	1.207075
11958	-31.71874	-53.29378	21.57504	0.3575275	0.03475033	0.8041353
11964	-34.2426	-53.01265	18.77004	1.648882	0.6741783	0.7158714
11970	-32.98159	-52.67874	19.69715	1.207748	0.3748858	0.7158714
11976	-32.33349	-51.33977	19.00628	1.103729	0.4134546	1.41725
11982	-31.88318	-51.45419	19.57101	1.211647	0.4134546	0.7864571
11988	-38.39391	-55.35449	16.96058	2.036834	2.665332	0.4085915
11994	-38.58012	-56.11585	17.53573	1.466462	0.7021847	1.891641
12000	-37.15161	-54.98519	17.83358	1.482015	0.7021847	1.673749
12006	-31.28395	-49.09572	17.81177	1.117837	0.7021847	1.940742
12012	-32.10794	-52.30389	20.19595	0.5285457	0.2165913	1.287929
12018	-35.12562	-52.12213	16.9965	2.003242	1.5856	1.287929
12024	-35.69895	-55.58226	19.8833	1.007925	0.1626194	1.287929
12030	-37.5129	-56.91816	19.40526	1.007925	0.1626194	1.651176
12036	-32.61409	-52.6806	20.06651	0.79802	0.1822447	1.257353
12042	-29.79331	-49.72588	19.93258	1.280389	0.1822447	0.9350554
12048	-32.50426	-51.08656	18.5823	2.082732	0.5181098	0.3514561
12054	-31.51805	-50.12787	18.60983	1.798891	0.7336936	0.4476134
12060	-37.12614	-53.53726	16.41112	1.802686	1.440573	1.938167
12066	-34.1441	-52.23023	18.08613	0.3897695	0.6536478	2.280615
12072	-29.61284	-48.18464	18.5718	0.154388	0.2639792	2.56873
12078	-27.6843	-48.04227	20.35797	0.8601015	0.2644781	0.5649086
12084	-31.46234	-50.02096	18.55862	0.6272003	0.1882717	2.41329
12090	-31.65361	-49.89502	18.24141	0.9444021	0.1882717	2.41329
12096	-27.51783	-47.78279	20.26496	1.526343	0.07025735	0.3086354
12102	-31.35345	-49.23265	17.8792	2.388597	0.7718627	0.3086354
12108	-31.04344	-49.57804	18.53459	1.79982	0.7718627	0.6399046
12114	-27.37662	-47.77594	20.39932	1.135191	0.155206	0.5800355
12120	-24.14425	-44.27709	20.13284	1.193489	0.155206	0.9084497
12126	-26.72945	-45.52423	18.79478	1.193489	0.7635679	1.079479
12132	-30.53891	-51.09016	20.55125	0.603429	0.1171367	1.206273
12138	-31.57689	-52.43461	20.85772	1.107432	0.05463078	0.536215
12144	-32.01718	-51.98202	19.96484	1.70149	0.1201235	0.5678621
12150	-31.56564	-49.7615	18.19586	2.464472	0.4983351	0.3146409
12156	-28.50359	-47.08558	18.58199	2.459357	0.08227635	0.1020205
12162	-28.85191	-46.99615	18.14424	2.459357	0.4189249	0.2095341
12168	-33.76856	-52.14669	18.37812	1.025354	0.9155739	1.423474
12174	-35.05532	-53.29752	18.2422	0.5088906	0.03217557	3.070592
12180	-27.9943	-48.01469	20.02039	1.322322	0.1503817	0.9088573
12186	-33.17189	-51.56109	18.3892	1.246478	0.3486198	1.85313
12192	-38.03447	-50.42613	12.39166	2.072406	21.64613	1.85313
12198	-36.931	-54.36681	17.43581	2.814848	0.2747151	1.535982
12204	-28.41354	-47.59213	19.17859	0.4176308	0.1941697	2.13863
12210	-24.17028	-45.09318	20.9229	1.175359	0.01780426	0.4096822
12216	-26.53611	-47.31117	20.77506	0.97013	0.09721311	0.6163663
12222	-26.88343	-46.95754	20.07411	0.9485611	0.05141397	1.544468
12228	-25.98858	-46.30888	20.3203	1.691247	0.03824256	0.6500255
12234	-30.88643	-51.88059	20.99416	0.3778103	0.08944	1.117379
12240	-28.97636	-48.237	19.26063	2.236288	0.08004677	0.1898343
12246	-31.36397	-51.22244	19.85846	2.236288	0.01488308	0.5973713
12252	-33.46256	-53.68636	20.22379	1.860574	0.02462505	0.6113133
12258	-30.00365	-49.98637	19.98272	1.466	0.1788969	0.4088397
12264	-26.24605	-46.66679	20.42074	0.4948345	0.04631953	1.641157
12270	-29.06438	-49.31301	20.24862	0.7764551	0.05217312	1.539866
12276	-29.18872	-49.42576	20.23703	0.5493182	0.03228421	1.780134
12282	-32.54552	-51.97081	19.42529	1.338964	0.2694625	1.133975
12288	-29.7216	-51.35111	21.62951	0.3311453	0.01229184	0.8084686
12294	-26.84762	-46.17432	19.3267	0.04178971	0.01696104	2.72092
12300	-25.94747	-46.63971	20.69224	0.03830298	0.01714516	1.846017
12306	-27.90761	-47.11378	19.20617	0.3980699	0.1610791	2.202232
12312	-23.1628	-44.09949	20.93669	0.803968	0.0479596	0.9524459
12318	-26.4163	-46.07035	19.65405	1.457421	0.001101084	0.599276
12324	-29.89175	-50.18612	20.29436	0.2453958	0.2449803	1.373474
12330	-25.49258	-45.7795	20.28692	0.7695584	0.02323106	1.612018
12336	-26.8511	-46.39947	19.54837	0.6014849	0.3760651	1.442541
12342	-34.71924	-50.05175	15.33251	0.6577871	2.625154	2.90177
12348	-24.87336	-45.30505	20.43169	0.3797278	0.1688582	1.335666
12354	-28.54924	-48.67477	20.12553	1.289148	0.08953266	1.077777
12360	-29.72808	-49.01221	19.28413	1.982869	0.01872544	1.461116
12366	-26.8532	-48.16537	21.31217	0.4369863	0.01872544	1.059188
12372	-31.84877	-52.39551	20.54673	0.2914968	0.181063	1.28212
12378	-35.9604	-52.60434	16.64394	3.601058	0.5297569	1.140893
12384	-29.02574	-47.97625	18.95051	0.8502248	1.12602	0.8812397
12390	-26.18826	-46.4941	20.30584	0.2615949	0.3610402	1.12452
12396	-29.45529	-47.57886	18.12357	1.235827	1.327192	1.147675
12402	-32.61088	-50.72052	18.10963	0.2454136	1.327192	1.90259
12408	-30.16004	-47.41291	17.25287	1.087374	1.345635	1.90259
12414	-31.64492	-51.30926	19.66435	0.8773291	0.2806821	1.299619
12420	-30.66478	-50.26697	19.60218	0.7717967	0.3696665	1.275348
12426	-34.16988	-52.75936	18.58948	0.1858875	0.3696665	2.388344
12432	-31.67559	-48.3071	16.63151	0.7752951	1.306094	2.527229
12438	-25.0622	-45.29364	20.23144	1.620427	0.04231194	0.2581118
12444	-25.90555	-46.62247	20.71692	1.270828	0.04322649	0.6486766
12450	-26.95502	-48.22433	21.26931	0.2676672	0.1492425	0.3875408
12456	-26.51871	-46.24121	19.72249	1.389132	0.0732303	1.396002
12462	-26.32195	-45.97095	19.649	0.3462469	0.1718893	1.920326
12468	-25.06857	-45.70522	20.63665	1.289425	0.05073844	0.6957129
12474	-26.2836	-46.95434	20.67074	0.8023994	0.02504564	1.289469
12480	-23.1817	-43.97207	20.79037	0.05477007	0.1760778	1.289469
12486	-25.25766	-45.2148	19.95714	0.2150882	0.1760778	1.789887
12492	-27.21689	-47.62575	20.40886	0.459562	0.06765958	1.598712
12498	-27.58169	-47.49869	19.91701	0.1743283	0.730182	1.020649
12504	-28.22495	-48.3551	20.13015	0.7521826	0.1531979	1.321192
12510	-35.69741	-52.88715	17.18973	0.7569284	1.123826	2.285867
12516	-32.32261	-50.32678	18.00417	1.637698	1.070283	1.095439
12522	-30.21884	-50.82432	20.60548	0.6278325	0.09627241	1.212719
12528	-28.73933	-48.62762	19.88829	1.204393	0.3205983	0.5060154
12534	-26.46231	-46.71396	20.25165	1.304502	0.1394556	0.3636933
12540	-33.97841	-54.6321	20.65369	1.304502	0.03661683	0.3094063
12546	-26.95475	-45.54102	18.58627	1.74606	0.7450173	0.707955
12552	-31.52263	-48.50514	16.98251	1.712948	1.524524	0.08144394
12558	-28.45085	-47.62615	19.1753	1.710157	0.3557437	0.2854052
12564	-30.11543	-50.40665	20.29121	1.403876	0.06989845	0.8834183
12570	-39.21586	-56.15023	16.93437	1.196749	0.03249285	3.436118
12576	-37.26026	-57.10573	19.84547	1.172854	0.3052572	0.7714325
12582	-29.6735	-49.52986	19.85636	1.160116	0.2245091	1.008471
12588	-35.26326	-52.20073	16.93747	1.907871	2.022475	1.183414
12594	-33.17397	-51.30746	18.13349	0.1342119	0.5575107	2.500177
12600	-34.52188	-54.49255	19.97067	0.4541512	0.5575107	0.9238172
12606	-33.0817	-53.06922	19.98752	0.6967444	0.1378494	1.516493
12612	-28.07011	-47.48616	19.41605	0.871101	0.3800598	1.328845
12618	-24.93148	-46.00263	21.07115	0.8233478	0.0488678	0.7611282
12624	-26.49409	-47.53114	21.03705	0.3391038	0.0488678	1.280341
12630	-31.19837	-51.77209	20.57372	0.003073449	0.1738061	1.504384
12636	-27.54436	-47.59494	20.05059	0.1082266	0.1856412	1.778176
12642	-27.75583	-48.19742	20.44159	0.3070874	0.04089548	1.778176
12648	-29.3542	-46.28949	16.93529	0.4258518	0.1930059	3.504947
12654	-27.41327	-47.00699	19.59372	0.9365337	0.1316893	1.645821
12660	-26.3479	-47.31556	20.96766	0.04847903	0.01714161	1.645821
12666	-27.07352	-46.97761	19.90409	0.7175023	0.01675693	1.919889
12672	-29.06208	-48.03539	18.9733	1.094049	0.1507055	1.919889
12678	-27.60146	-48.74279	21.14133	0.1645523	0.1507055	0.9475494
12684	-33.80439	-54.06501	20.26062	1.244662	0.1507055	0.6872893
12690	-36.69806	-55.86997	19.17191	1.726886	0.3148777	0.2433507
12696	-30.62548	-49.96398	19.3385	1.719051	0.3365589	0.4916611
12702	-31.49544	-50.95006	19.45462	1.144832	0.3365589	0.1602809
12708	-26.56841	-46.67996	20.11155	1.144832	0.2179186	0.7492162
12714	-33.36192	-53.07309	19.71117	1.517909	0.07406669	1.299475
12720	-31.20552	-51.05061	19.84509	0.9590588	0.4678665	0.5111911
12726	-28.87203	-48.0399	19.16787	1.689803	0.4241564	0.3964079
12732	-26.61988	-46.54475	19.92488	1.689803	0.1232566	0.3607578
12738	-28.94412	-48.01337	19.06925	0.9767319	0.9918387	0.7261463
12744	-26.89606	-48.20883	21.31276	0.0712415	0.1199688	0.9844119
12750	-25.76652	-46.90552	21.139	0.3563882	0.09957021	0.9553476
12756	-30.08179	-49.75638	19.67459	1.024226	0.4824702	0.7284134
12762	-30.62149	-50.48798	19.86649	0.8380133	0.1554762	1.4541
12768	-32.97453	-51.49324	18.51871	2.266404	0.4786549	0.4807946
12774	-30.56433	-49.3153	18.75098	1.267409	1.068299	0.6372553
12780	-31.57282	-51.60536	20.03254	1.267409	0.1887933	0.2820012
12786	-30.71325	-50.89402	20.18077	0.753624	0.3278946	0.8159979
12792	-38.83926	-55.83357	16.99432	0.9628925	0.7117636	2.559037
12798	-33.04482	-53.39185	20.34704	0.128562	0.1045604	1.760338
12804	-32.24544	-51.11481	18.86937	0.9959419	0.5039341	1.482584
12810	-31.06412	-52.16101	21.09689	0.07649117	0.03773873	1.482584
12816	-33.97194	-50.71847	16.74652	0.6969318	0.4531624	3.106696
12822	-29.47091	-48.99197	19.52105	0.07226356	0.03306468	2.555753
12828	-29.93571	-50.78268	20.84698	0.4255977	0.03306468	1.423516
12834	-28.19141	-46.43279	18.24138	0.4304608	1.370308	1.6583
12840	-31.43901	-49.45857	18.01956	0.140999	1.370308	2.010154
12846	-27.60585	-47.66359	20.05773	0.5544515	0.3439033	1.116577
12852	-30.75566	-49.645	18.88933	0.7219591	0.3439033	1.876627
12858	-35.11349	-53.88338	18.76988	0.9557572	0.4076773	1.708296
12864	-33.49292	-52.16929	18.67637	0.2026712	0.7979205	1.894762
12870	-32.28296	-51.89578	19.61283	0.1371239	0.1512628	2.129403
12876	-30.20902	-50.23772	20.02871	0.152337	0.4977552	1.240812
12882	-27.88655	-47.36713	19.48058	0.9461642	0.4977552	1.019959
12888	-30.71621	-51.93379	21.21758	0.1902865	0.1939763	0.5846278
12894	-30.34505	-50.94875	20.6037	0.9082123	0.1649558	0.4761912
12900	-25.54783	-46.34851	20.80068	1.062272	0.05649335	0.7513048
12906	-30.0622	-50.02395	19.96175	0.6172873	0.2102156	1.417899
12912	-27.67205	-48.73777	21.06572	1.019057	0.01258254	0.4194957
12918	-24.5396	-46.28894	21.74934	0.1666485	0.01258254	0.8667268
12924	-28.02283	-49.60072	21.57789	0.232021	0.06454369	0.7707111
12930	-24.3079	-45.10354	20.79563	1.163041	0.006333977	0.4125869
12936	-23.74207	-44.52319	20.78112	0.9547962	0.003943886	0.7373943
12942	-26.51673	-47.18387	20.66714	1.254168	0.0532277	0.6816128
12948	-24.41459	-44.58051	20.16592	1.196454	0.08030284	1.16269
12954	-25.27518	-45.78857	20.51339	0.9145534	0.06643181	1.16269
12960	-27.54324	-48.77322	21.22998	0.8726633	0.01783824	0.4203666
12966	-26.22953	-46.74712	20.51759	1.394798	0.05053468	0.7207273
12972	-30.88766	-51.16321	20.27555	0.9671976	0.1023911	1.182263
12978	-27.16572	-48.16692	21.00121	0.404646	0.05362811	1.235875
12984	-25.91739	-46.06566	20.14827	1.594182	0.04354179	0.9735477
12990	-31.09238	-49.1061	18.01372	1.450117	0.2746545	2.081402
12996	-23.79579	-43.27511	19.47932	1.510447	0.3016367	0.2760315
13002	-25.27689	-45.2509	19.97401	1.552392	0.1576369	0.5792077
13008	-22.20217	-43.2694	21.06723	0.6911969	0.01048811	1.012738
13014	-26.80841	-46.4771	19.66869	1.856933	0.04905746	0.1575452
13020	-29.8526	-49.6164	19.7638	1.240063	0.1393976	1.262023
13026	-24.76296	-45.18789	20.42493	0.002013575	0.2989813	1.35667
13032	-23.42805	-44.47269	21.04464	0.02130005	0.09433857	1.35667
13038	-25.42473	-45.37834	19.95361	0.02191068	0.3161703	1.665099
13044	-31.01428	-50.43691	19.42263	1.739434	0.1092635	1.226893
13050	-26.32638	-46.45805	20.13168	0.8835945	0.3256586	0.7047153
13056	-38.70281	-52.16563	13.46281	1.847619	16.66761	1.575731
13062	-28.73707	-47.76288	19.02581	0.9547002	0.155536	1.967073
13068	-24.15835	-44.7564	20.59805	0.1624558	0.1476199	1.432207
13074	-28.56153	-48.16964	19.60811	0.0501542	0.1426074	2.208908
13080	-25.56543	-45.13358	19.56815	0.2286318	0.02117147	2.454256
13086	-31.67167	-50.12259	18.45092	0.1373935	0.4117558	2.454256
13092	-33.24979	-51.64488	18.39509	0.7181474	0.5841444	1.927199
13098	-31.93452	-52.33358	20.39905	0.6106588	0.1473652	1.23329
13104	-31.28198	-49.5762	18.29422	1.577326	0.56643	1.402356
13110	-29.97188	-49.80017	19.82829	0.640372	0.2416736	1.435503
13116	-31.95311	-52.73668	20.78357	0.2824077	0.02990985	1.58838
13122	-33.9348	-54.35629	20.42149	0.7947086	0.07646813	1.30078
13128	-30.31355	-50.60421	20.29066	1.496499	0.02591595	1.007839
13134	-32.35831	-52.72955	20.37123	0.7825785	0.03615919	1.502937
13140	-34.98497	-53.83106	18.84609	1.21616	0.689398	1.097983
13146	-32.61839	-50.24717	17.62878	2.277954	1.02687	0.2548615
13152	-33.07545	-50.27598	17.20053	2.431941	1.309771	0.2439625
13158	-31.45094	-50.36684	18.91589	1.8748	0.1737033	0.1159019
13164	-32.43669	-51.50387	19.06718	2.302408	0.1737033	0.2970754
13170	-30.24068	-48.48272	18.24204	1.389623	1.572141	0.4421677
13176	-28.16406	-46.90342	18.73936	1.67707	0.7143741	0.400838
13182	-24.07772	-43.76899	19.69128	1.749678	0.1657317	0.3359428
13188	-26.47363	-47.64723	21.17359	0.6823004	0.06154896	0.7233417
13194	-24.38094	-43.52405	19.14312	0.1305849	0.6433843	1.758887
13200	-26.52772	-46.03803	19.51031	0.1080326	0.6231364	1.531517
13206	-33.53028	-53.06967	19.53939	0.1102393	0.09621725	2.331501
13212	-29.08987	-48.46685	19.37698	1.199828	0.3044614	1.223869
13218	-34.30634	-53.69647	19.39013	0.2920873	0.1937974	2.083027
13224	-34.2784	-52.63532	18.35692	0.2785878	0.3266762	2.533197
13230	-33.25699	-53.34802	20.09102	1.35714	0.1822296	0.5699566
13236	-35.19248	-52.91983	17.72735	1.786824	1.63737	0.7263768
13242	-37.02752	-55.31764	18.29012	1.617114	1.11192	0.7613541
13248	-36.26078	-54.89264	18.63187	1.404857	0.8369036	0.9459368
13254	-41.17173	-58.76364	17.59191	2.596553	0.1282174	1.893301
13260	-44.09684	-59.39228	15.29543	3.519491	2.499869	0.9736397
13266	-42.13232	-54.29472	12.16239	2.191049	18.49501	2.111219
13272	-31.96438	-50.07097	18.10659	0.5887254	1.607877	1.512821
13278	-29.76132	-50.8178	21.05648	0.2035407	0.07024562	1.289053
13284	-30.9282	-51.38378	20.45558	1.096336	0.1199069	0.7915574
13290	-31.99276	-52.22831	20.23554	0.2229044	0.03474741	1.995691
13296	-33.72398	-53.20614	19.48216	0.2766182	0.7989874	1.243797
13302	-30.16044	-49.41563	19.25519	1.415913	0.3916947	0.9658574
13308	-29.40882	-49.22825	19.81943	1.415913	0.2467876	0.3774043
13314	-30.47454	-49.85141	19.37687	2.025389	0.09296914	1.075258
13320	-29.52705	-49.7014	20.17435	1.027736	0.2320024	0.7711886
13326	-37.63501	-53.94942	16.31441	2.548896	2.42241	0.96349
13332	-35.09779	-54.63429	19.5365	1.32798	0.330321	0.8938698
13338	-37.5125	-55.20077	17.68827	2.246619	0.4080879	1.556867
13344	-42.63733	-62.50161	19.86429	0.5036641	0.1788051	1.645656
13350	-37.63981	-57.79609	20.15628	1.904638	0.02352321	0.6717179
13356	-35.97633	-55.91933	19.943	1.846495	0.08183839	0.361528
13362	-29.70783	-49.68581	19.97798	0.9366953	0.02775515	1.70315
13368	-27.93941	-47.56018	19.62077	0.5251271	0.2264009	1.70315
13374	-26.76855	-46.84106	20.07251	0.1681129	0.1937992	1.70315
13380	-36.58431	-55.20835	18.62404	0.4828195	0.3582187	2.191301
13386	-32.07499	-51.89652	19.82152	0.591374	0.03082832	2.03752
13392	-38.93869	-56.59397	17.65528	0.591374	0.4168077	2.660716
13398	-35.39259	-54.17618	18.78359	0.4584481	0.07010833	2.660716
13404	-36.31967	-55.58305	19.26339	0.2659065	0.5758374	1.646717
13410	-37.24713	-57.50838	20.26124	0.04175233	0.3125565	1.428984
13416	-36.21527	-56.21589	20.00062	1.488438	0.1704784	0.5558106
13422	-35.14703	-53.00119	17.85416	1.14066	1.73948	1.204877
13428	-34.30385	-53.67022	19.36637	0.210759	0.4436626	1.765872
13434	-27.7385	-47.57003	19.83153	0.1500736	0.2544081	1.765872
13440	-26.47971	-47.17203	20.69232	0.6849373	0.09059407	1.107942
13446	-31.26639	-49.42159	18.1552	1.385785	0.6066999	1.605538
13452	-27.11287	-47.7735	20.66063	0.3644926	0.1559055	1.194881
13458	-30.71196	-51.61536	20.90339	0.1038367	0.07394083	1.473554
13464	-27.56132	-48.22254	20.66122	0.1720075	0.1325976	1.418213
13470	-30.63007	-49.52216	18.89209	0.2322175	0.4639489	2.048602
13476	-30.93336	-50.68533	19.75197	0.1253455	0.04543001	2.339857
13482	-33.28935	-54.18109	20.89174	0.4443289	0.1859254	0.7717813
13488	-32.5087	-51.76881	19.26011	0.4065314	0.1865821	2.107834
13494	-27.54095	-48.50082	20.95987	0.07297778	0.1865821	1.099186
13500	-28.12386	-48.13032	20.00646	1.556123	0.1379598	0.6647856
13506	-29.38011	-47.98968	18.60957	0.2759683	0.2333024	2.519657
13512	-41.4156	-55.67844	14.26283	0.8171248	5.844383	2.802836
13518	-30.24516	-49.36887	19.12371	0.5859423	0.4448916	1.670853
13524	-28.91734	-49.18906	20.27173	0.2350045	0.1747507	1.554164
13530	-29.00339	-48.80093	19.79754	1.458964	0.0179281	1.469087
13536	-28.89836	-49.47977	20.58141	0.2971693	0.2345392	1.112855
13542	-29.72121	-49.01642	19.29521	1.643615	0.3945544	0.5021989
13548	-35.68284	-53.94685	18.264	3.105297	0.1719788	0.7873828
13554	-29.84388	-48.10795	18.26406	0.9056574	1.102824	1.459801
13560	-27.81225	-47.1837	19.37145	1.240385	0.2055053	1.403154
13566	-29.84434	-49.37744	19.5331	0.4377987	0.5635668	1.327383
13572	-26.49456	-46.55487	20.06031	0.882943	0.1117668	1.395645
13578	-28.05843	-46.7044	18.64597	1.568361	0.5817057	1.096483
13584	-29.54602	-49.96624	20.42022	1.568361	0.00714837	0.4117112
13590	-27.01804	-46.05415	19.03611	0.3184279	0.02265034	2.726461
13596	-31.44274	-50.18978	18.74704	1.149423	0.02750253	2.380047
13602	-29.56093	-49.36994	19.80901	0.3312351	0.01513021	2.234696
13608	-27.67	-46.71612	19.04612	0.3866223	0.01630823	2.680909
13614	-29.03946	-48.97605	19.93659	1.392324	0.002110573	0.8911616
13620	-25.31577	-45.89046	20.57469	1.019574	0.1235122	0.7066053
13626	-29.28568	-47.75366	18.46798	1.625555	0.8917122	0.8084384
13632	-28.41707	-48.53796	20.1209	1.277322	0.1557742	0.8208018
13638	-25.1896	-45.12262	19.93302	0.3276665	0.01700118	2.159232
13644	-32.93183	-49.68693	16.7551	0.690233	0.8168371	2.794873
13650	-28.37148	-47.68163	19.31016	0.739673	0.2304947	1.762723
13656	-34.80167	-52.98646	18.18478	1.634178	0.5593992	1.451074
13662	-38.76748	-56.42296	17.65548	2.380765	1.080923	0.4680953
13668	-35.96022	-55.02373	19.06351	1.812584	0.2168734	1.158986
13674	-34.12705	-52.84687	18.71982	1.812584	0.1139592	1.693323
13680	-36.628	-53.7646	17.1366	1.318289	0.2510413	2.756206
13686	-34.93496	-51.06595	16.13099	0.484019	0.4225175	3.625978
13692	-37.92633	-56.2784	18.35207	0.9797563	0.4409393	1.937297
13698	-32.37367	-51.51665	19.14298	1.002188	0.2172779	1.721775
13704	-30.4413	-49.58785	19.14655	0.2758458	0.3419085	2.006716
13710	-29.8308	-50.15578	20.32498	0.6107167	0.3419085	0.7732267
13716	-28.67266	-47.88818	19.21552	0.8729964	0.5582666	1.237598
13722	-27.40741	-46.77538	19.36797	1.080329	0.3556411	1.237598
13728	-24.73874	-45.24427	20.50553	0.8627112	0.06077502	1.237598
13734	-27.53092	-46.49702	18.96609	0.6262809	0.101504	2.353568
13740	-27.1168	-47.22249	20.10569	0.1186927	0.2139055	1.672464
13746	-31.76867	-49.53561	17.76694	3.156069	0.1210926	1.382524
13752	-31.64045	-49.88629	18.24584	1.142056	1.418018	1.056171
13758	-25.41969	-45.37406	19.95437	0.4589655	0.01267862	2.048466
13764	-27.19686	-48.44769	21.25083	0.1694285	0.009945219	1.304529
13770	-32.99928	-50.71718	17.7179	0.1843297	0.05646041	3.501284
13776	-30.64386	-48.968	18.32415	0.6710507	0.08726673	2.763329
13782	-27.46739	-47.35432	19.88694	0.4062978	0.08726673	1.936546
13788	-30.973	-50.39765	19.42465	0.09004601	0.3477602	1.936546
13794	-37.10723	-53.63637	16.52913	2.469637	2.349962	0.8538178
13800	-34.2715	-50.98815	16.71666	2.469637	1.654591	0.1761963
13806	-33.17355	-51.14932	17.97577	2.280525	0.8482673	0.4026855
13812	-35.63068	-55.43158	19.8009	1.803946	0.05748382	1.040912
13818	-34.81872	-53.26258	18.44386	0.8134999	0.3523676	2.101151
13824	-23.68496	-42.55056	18.86561	0.3052405	0.06542791	2.718315
13830	-30.70151	-47.85445	17.15294	0.3511218	0.1929086	3.421604
13836	-22.26566	-42.89155	20.62589	0.5121223	0.07591339	1.365422
13842	-26.66793	-45.67483	19.0069	1.541149	0.4084461	1.055726
13848	-25.88308	-47.07652	21.19344	0.7355823	0.04327762	0.7514494
13854	-25.93204	-45.4737	19.54166	0.07566404	0.3918848	1.805289
13860	-28.21367	-45.7233	17.50963	0.6502567	1.799013	1.805289
13866	-23.35158	-43.02229	19.67071	1.016712	0.2945171	1.148282
13872	-32.06483	-52.24098	20.17615	1.529391	0.07475071	0.8436317
13878	-31.6199	-50.36175	18.74185	1.901209	0.4604985	0.8558009
13884	-24.32889	-44.86856	20.53967	0.4436885	0.07925293	1.472848
13890	-28.01431	-48.01589	20.00158	0.1858221	0.2232358	1.679957
13896	-26.36131	-45.10557	18.74426	0.5063857	0.02558332	2.784838
13902	-24.72042	-45.60746	20.88704	0.246527	0.0928453	1.307748
13908	-20.0421	-40.98769	20.94559	0.7046503	0.008711106	1.087217
13914	-23.12542	-44.38421	21.25879	0.5011158	0.07623355	0.762261
13920	-34.20894	-51.93318	17.72424	1.23231	2.476451	0.8269698
13926	-37.23203	-54.64788	17.41584	1.23231	2.288669	1.226029
13932	-38.23949	-51.84906	13.60957	0.079792	2.098672	4.39568
13938	-25.25239	-44.46274	19.21036	0.6195243	0.2858391	1.816782
13944	-26.8178	-46.9546	20.1368	0.6363301	0.01947388	1.816782
13950	-34.44058	-51.82551	17.38492	1.515053	0.8794628	1.816782
13956	-35.84191	-53.37814	17.53623	2.328305	0.9821088	0.9628632
13962	-32.32677	-51.95442	19.62765	1.927593	0.1163987	0.2836067
13968	-28.74307	-48.73568	19.99261	1.927593	0.008927942	0.2849442
13974	-31.904	-52.09816	20.19416	1.922041	0.01927839	0.5146183
13980	-37.80897	-58.30146	20.49249	0.2385661	0.07383251	1.676375
13986	-39.93386	-58.35221	18.41835	1.483888	0.3423683	1.676375
13992	-35.96263	-54.19987	18.23724	1.446018	0.669022	1.434807
13998	-33.65562	-51.39708	17.74146	1.44117	0.4138985	2.069919
14004	-31.38787	-50.29162	18.90375	0.6413077	0.4138985	1.826022
14010	-31.01727	-51.10184	20.08457	0.7288799	0.2324438	1.175778
14016	-32.79591	-51.64442	18.84851	1.221439	0.2324438	1.744915
14022	-36.04201	-53.52614	17.48413	2.093691	0.0471518	2.522967
14028	-32.36009	-53.02323	20.66315	0.7638507	0.05737051	1.202109
14034	-33.11966	-52.45644	19.33678	0.9130281	0.1926879	1.699044
14040	-30.13655	-50.66249	20.52594	1.428798	0.02650662	0.8197741
14046	-35.30572	-54.59	19.28428	1.543377	0.1327322	1.422128
14052	-35.65752	-53.30207	17.64455	1.543377	2.069302	0.8075516
14058	-30.95238	-50.72201	19.76962	1.509359	0.1509413	0.9747329
14064	-24.9583	-46.01069	21.05239	0.7497397	0.03059456	0.9747329
14070	-26.50028	-47.44837	20.94809	0.5849108	0.05620326	1.113921
14076	-22.97484	-44.39792	21.42309	0.2350918	0.0303679	1.113921
14082	-27.96917	-47.01506	19.0459	0.2595822	0.3443365	2.080682
14088	-24.58878	-45.40776	20.81898	0.551153	0.02423821	1.373898
14094	-26.97389	-47.27752	20.30364	0.6151414	0.02423821	1.708584
14100	-25.30572	-46.25334	20.94762	0.2461741	0.007192752	1.433663
14106	-25.75515	-47.06918	21.31403	0.4798487	0.01716927	1.015568
14112	-23.52864	-43.52223	19.99359	0.1436855	0.1899084	1.783956
14118	-28.22378	-48.93824	20.71446	0.6395134	0.1395829	0.9385808
14124	-26.06141	-45.20783	19.14642	1.733969	0.005873983	1.627568
14130	-26.40817	-46.59921	20.19104	0.5598718	0.02948201	1.812886
14136	-28.29205	-48.09886	19.80681	1.1441	0.2927461	0.8928073
14142	-35.21584	-54.33702	19.12118	1.279154	0.6603239	0.7726843
14148	-28.36356	-47.50815	19.1446	1.967267	0.2102327	0.2201483
14154	-25.85311	-45.73097	19.87786	1.967267	0.03255607	0.2326101
14160	-27.97211	-47.39068	19.41857	1.799164	0.2012604	0.8640816
14166	-32.75373	-53.21072	20.45699	0.7988545	0.09470902	1.199243
14172	-35.88622	-55.85982	19.9736	1.394982	0.09470902	1.099424
14178	-33.81497	-53.55335	19.73838	0.628572	0.1520713	1.709746
14184	-35.27071	-54.6687	19.39799	1.117705	0.206756	1.474031
14190	-41.07329	-57.69702	16.62373	2.000916	2.156449	1.304491
14196	-38.58961	-56.19569	17.60608	1.55469	1.124352	1.451498
14304	-936.0127	-181.4774	-754.5353	6.44653	3.396902e+09	346.7987
14304	-936.0127	-181.4774	-754.5353	6.44653	3.396902e+09	346.7987
14304	-936.0127	-181.4774	-754.5353	6.44653	3.396902e+09	346.7987
14304	-936.0127	-181.4774	-754.5353	6.44653	3.396902e+09	346.7987
14304	-936.0127	-181.4774	-754.5353	6.44653	3.396902e+09	346.7987
